date,margin,opponent,result,round,season,type,venue,crowd,freo_behinds,freo_bounces,freo_brownlow_votes,freo_clangers,freo_clearances,freo_contested_marks,freo_contested_poss,freo_disposals,freo_frees_against,freo_frees_for,freo_goal_assists,freo_goals,freo_handballs,freo_hitouts,freo_inside_50s,freo_kicks,freo_marks,freo_marks_inside_50,freo_one_percenters,freo_qtrs,freo_rebound_50s,freo_score,freo_tackles,freo_uncontested_poss,opp_behinds,opp_bounces,opp_brownlow_votes,opp_clangers,opp_clearances,opp_contested_marks,opp_contested_poss,opp_disposals,opp_frees_against,opp_frees_for,opp_goal_assists,opp_goals,opp_handballs,opp_hitouts,opp_inside_50s,opp_kicks,opp_marks,opp_marks_inside_50,opp_one_percenters,opp_qtrs,opp_rebound_50s,opp_score,opp_tackles,opp_uncontested_poss
Sun 17-Mar-2024 3:50 PM,23,Brisbane Lions,W,R2,2024,Home,Perth Stadium,40604,9,5,6,57,41,7,125,385,21,20,8,14,158,42,48,227,99,12,35,2.2 7.5 11.9 14.9,46,93,67,246,10,4,0,57,34,11,118,345,20,21,8,10,119,42,56,226,112,10,50,4.3 4.5 5.7 10.10,34,70,55,224
Sat 23-Mar-2024 1:45 PM,26,North Melbourne,W,R3,2024,Away,Docklands,17589,12,6,4,47,34,11,127,353,16,16,12,15,147,25,45,206,94,13,36,2.1 5.5 12.10 15.12,46,102,59,224,10,6,2,45,38,6,118,361,16,16,9,11,167,36,57,194,93,15,43,4.1 8.4 9.5 11.10,30,76,42,238
Fri 29-Mar-2024 4:30 PM,35,Adelaide,W,R4,2024,Home,Perth Stadium,51037,15,10,6,58,31,7,120,402,19,23,7,9,177,24,52,225,111,10,44,2.2 4.7 5.12 9.15,40,69,63,277,10,2,0,56,28,4,112,355,23,19,3,4,124,40,44,231,105,5,45,2.5 3.5 4.8 4.10,41,34,43,228
Sat 06-Apr-2024 3:50 PM,-10,Carlton,L,R5,2024,Home,Adelaide Oval,43158,9,7,4,50,44,6,130,371,12,16,3,9,164,36,45,207,90,7,43,2.2 4.2 7.7 9.9,38,63,66,235,13,6,2,49,27,16,136,353,16,12,5,10,134,39,48,219,105,8,41,2.1 3.5 5.10 10.13,36,73,80,215
Sat 13-Apr-2024 7:00 PM,-3,Port Adelaide,L,R6,2024,Away,Adelaide Oval,35658,9,3,2,59,40,7,138,336,23,19,7,9,159,25,46,177,66,6,42,2.2 5.5 7.7 9.9,47,63,53,195,12,8,4,49,31,13,127,338,19,23,6,9,126,67,56,212,93,12,45,3.3 4.5 6.9 9.12,36,66,73,200
Sat 20-Apr-2024 6:10 PM,-37,West Coast,L,R7,2024,Away,Perth Stadium,54473,8,9,0,41,42,7,108,329,16,17,9,10,135,52,40,194,94,9,34,0.3 3.3 4.5 10.8,32,68,49,212,9,5,6,38,36,17,132,317,17,16,7,16,113,24,48,204,101,14,40,4.1 9.4 14.9 16.9,29,105,49,192
Sat 27-Apr-2024 5:40 PM,24,Western Bulldogs,W,R8,2024,Home,Perth Stadium,45931,11,14,6,46,47,9,136,385,18,14,11,14,179,47,52,206,91,15,39,4.4 7.6 10.9 14.11,40,95,53,246,11,4,0,45,30,8,124,362,14,18,7,10,159,34,50,203,99,9,45,3.2 7.3 9.10 10.11,38,71,60,232
Sun 05-May-2024 1:00 PM,54,Richmond,W,R9,2024,Away,M.C.G.,32252,13,10,6,47,36,6,111,404,11,20,9,15,166,26,59,238,130,18,29,3.4 6.8 8.11 15.13,32,103,60,280,13,13,0,66,16,6,98,322,20,11,5,6,131,34,38,191,97,9,41,1.3 1.7 4.11 6.13,43,49,40,219
Fri 10-May-2024 6:30 PM,-48,Sydney,L,R10,2024,Home,Perth Stadium,46198,15,1,0,53,28,6,110,369,17,24,4,4,175,13,46,194,97,12,36,1.5 1.8 2.13 4.15,37,39,42,255,9,6,6,55,27,8,115,377,24,17,11,13,124,41,51,253,128,11,31,3.0 9.0 11.2 13.9,42,87,52,246
Sat 18-May-2024 7:30 PM,17,St Kilda,W,R11,2024,Away,Docklands,19265,18,6,6,41,50,4,130,379,22,22,9,9,177,45,53,202,87,17,40,3.2 5.6 6.11 9.18,35,72,84,248,7,8,0,61,33,8,131,357,22,22,6,8,126,42,45,231,105,5,34,2.0 5.3 7.5 8.7,42,55,63,207
Fri 24-May-2024 6:10 PM,0,Collingwood,D,R12,2024,Home,Perth Stadium,54035,9,5,3,56,36,4,135,404,21,18,8,11,184,42,49,220,101,8,42,3.3 6.4 6.8 11.9,39,75,80,258,15,5,3,59,47,9,145,373,18,21,7,10,147,47,50,226,79,6,44,3.4 3.9 8.12 10.15,38,75,73,206
Sun 02-Jun-2024 12:30 PM,92,Melbourne,W,R13,2024,Away,Traeger Park,6109,9,10,6,42,48,10,138,444,9,18,16,22,164,32,68,280,142,17,34,5.2 11.5 18.7 22.9,28,141,53,301,7,7,0,54,23,4,96,366,18,9,6,7,177,35,37,189,96,10,36,2.3 3.3 5.4 7.7,46,49,52,260
Sat 15-Jun-2024 1:45 PM,-67,Western Bulldogs,L,R15,2024,Away,Docklands,21796,10,2,0,53,43,6,121,302,18,16,9,12,120,54,46,182,69,12,38,4.1 5.4 9.5 12.10,37,82,49,169,11,13,6,48,39,9,130,376,16,18,15,23,146,31,60,230,111,17,40,4.5 9.8 15.11 23.11,31,149,62,238
Sun 23-Jun-2024 2:00 PM,20,Gold Coast,W,R16,2024,Home,Perth Stadium,40637,13,12,6,36,44,9,126,330,15,16,9,12,143,49,55,187,86,15,36,2.3 6.7 10.12 12.13,33,85,70,207,5,2,0,40,32,15,130,343,16,15,7,10,150,34,46,193,96,10,34,2.0 3.2 6.2 10.5,42,65,70,208
Sat 29-Jun-2024 1:45 PM,1,Sydney,W,R17,2024,Away,S.C.G.,35477,9,5,3,44,42,11,128,357,17,9,10,15,132,40,54,225,105,14,32,7.2 9.5 14.5 15.9,38,99,46,220,14,10,3,43,32,11,133,324,9,17,9,14,122,36,54,202,79,12,58,2.5 4.8 11.11 14.14,39,98,56,189
Sat 06-Jul-2024 6:10 PM,51,Richmond,W,R18,2024,Home,Perth Stadium,42690,9,12,6,47,37,6,133,374,15,16,10,16,145,34,61,229,91,12,36,4.3 7.5 13.6 16.9,39,105,63,228,12,3,0,64,43,9,135,354,16,15,6,7,154,44,47,200,78,12,41,2.0 3.5 5.8 7.12,45,54,57,211
Sat 13-Jul-2024 1:45 PM,-13,Hawthorn,L,R19,2024,Away,York Park,11146,14,7,0,46,31,14,111,332,18,17,7,10,134,35,45,198,107,15,27,3.2 5.5 9.11 10.14,29,74,67,215,9,8,6,46,36,10,118,313,17,18,9,13,132,52,42,181,80,14,40,2.3 6.6 8.8 13.9,34,87,51,193
Sun 21-Jul-2024 1:20 PM,50,Melbourne,W,R20,2024,Home,Perth Stadium,42215,14,6,6,54,47,11,141,395,14,22,16,17,187,47,60,208,88,21,40,3.5 7.9 11.11 17.14,35,116,32,252,6,5,0,52,16,8,105,338,21,14,8,10,127,9,47,211,105,13,36,0.2 3.3 6.5 10.6,43,66,50,223
Sat 27-Jul-2024 6:10 PM,35,West Coast,W,R21,2024,Home,Perth Stadium,56536,8,10,5,44,45,8,138,365,14,19,13,17,192,65,53,173,61,17,40,3.0 7.3 12.8 17.8,33,110,64,224,9,11,1,49,37,6,117,316,19,14,8,11,123,37,45,193,82,7,29,5.1 9.4 9.5 11.9,35,75,60,190
Sun 04-Aug-2024 3:20 PM,-1,Essendon,L,R22,2024,Away,M.C.G.,34381,5,15,4,48,35,8,126,361,19,17,11,14,177,36,44,184,83,11,49,4.1 9.1 12.4 14.5,45,89,52,238,12,8,2,52,32,13,123,372,17,19,10,13,157,40,59,215,102,11,31,5.4 6.6 8.9 13.12,30,90,64,246
Sat 10-Aug-2024 2:35 PM,-11,Geelong,L,R23,2024,Home,Perth Stadium,50600,8,8,4,41,32,9,114,397,14,19,8,9,166,27,50,231,120,11,34,2.1 5.4 8.7 9.8,38,62,36,276,13,18,2,49,35,10,126,307,19,14,3,10,107,48,49,200,87,9,39,4.2 6.4 7.9 10.13,39,73,58,175
Sat 17-Aug-2024 1:45 PM,-9,Greater Western Sydney,L,R24,2024,Away,Showground,10801,8,5,2,49,45,5,127,321,18,16,10,14,153,45,55,168,56,8,49,3.2 8.4 10.7 14.8,35,92,56,191,11,4,4,58,44,7,136,375,16,18,11,15,176,56,51,199,92,13,50,4.4 6.7 11.9 15.11,39,101,77,229
Sun 25-Aug-2024 4:10 PM,-20,Port Adelaide,L,R25,2024,Home,Perth Stadium,45322,13,14,2,63,38,10,147,350,22,25,8,9,164,24,48,186,73,6,43,4.2 6.8 8.11 9.13,41,67,73,210,9,8,4,53,36,10,143,333,25,22,8,13,114,50,55,219,78,8,44,3.0 7.3 10.8 13.9,39,87,72,179
Sat 15-Mar-2025 1:20 PM,-78,Geelong,L,R2,2025,Away,Kardinia Park,25372,9,5,0,69,41,5,129,361,24,19,8,10,178,57,43,183,55,8,45,1.1 3.4 9.9 10.9,32,69,59,219,9,8,6,56,39,11,143,360,18,24,14,23,113,35,55,247,110,17,36,5.4 12.4 13.6 23.9,32,147,89,202
Sun 23-Mar-2025 3:10 PM,-3,Sydney,L,R3,2025,Home,Perth Stadium,43882,11,6,3,54,25,13,140,363,18,15,6,9,160,34,59,203,83,12,43,4.3 5.5 8.8 9.11,45,65,48,216,14,11,3,54,37,6,132,348,15,18,7,9,122,31,55,226,94,9,37,0.5 3.8 7.12 9.14,49,68,57,207
Sun 30-Mar-2025 3:10 PM,38,West Coast,W,R4,2025,Away,Perth Stadium,53289,16,6,6,55,40,13,122,344,16,21,14,15,134,38,65,210,89,21,36,5.4 8.6 12.11 15.16,27,106,39,215,8,11,0,58,25,11,108,291,21,16,9,10,105,29,37,186,79,10,37,3.1 4.4 7.5 10.8,48,68,46,172
Sun 06-Apr-2025 3:10 PM,16,Western Bulldogs,W,R5,2025,Home,Perth Stadium,41491,7,15,5,67,39,7,140,361,27,15,13,15,170,40,44,191,74,8,60,4.2 11.5 14.6 15.7,50,97,67,220,9,4,1,54,42,11,157,375,15,27,10,12,154,46,63,221,85,11,36,4.0 6.3 10.6 12.9,29,81,57,218
Sun 13-Apr-2025 12:05 PM,61,Richmond,W,R6,2025,Away,Barossa Park,10028,12,19,6,51,43,11,129,362,15,20,12,16,154,35,65,208,98,17,30,4.4 7.7 13.8 16.12,28,108,62,231,5,4,0,55,33,6,112,360,20,15,5,7,160,42,36,200,104,4,35,4.2 6.3 7.3 7.5,49,47,42,244
Sat 19-Apr-2025 1:20 PM,-10,Melbourne,L,R7,2025,Away,M.C.G.,25202,13,8,1,35,33,5,116,326,21,19,12,14,141,25,49,185,80,12,38,4.2 8.5 11.10 14.13,39,97,46,204,11,7,5,45,38,6,134,392,19,21,13,16,163,37,56,229,110,7,32,6.1 12.2 15.5 16.11,35,107,59,252
Fri 25-Apr-2025 6:10 PM,18,Adelaide,W,R8,2025,Home,Perth Stadium,53048,13,7,6,49,38,7,128,340,25,24,9,12,156,38,53,184,74,7,49,6.2 8.6 12.8 12.13,33,85,53,206,13,2,0,56,30,8,122,326,24,25,8,9,119,37,42,207,81,14,38,2.1 5.4 5.8 9.13,40,67,72,194
Fri 02-May-2025 7:40 PM,-61,St Kilda,L,R9,2025,Away,Docklands,20522,3,5,0,67,22,16,103,286,30,21,3,5,121,51,34,165,82,4,40,1.0 1.1 2.3 5.3,46,33,87,175,10,3,6,67,50,4,151,378,21,30,12,14,147,38,61,231,95,15,32,2.2 4.3 8.6 14.10,28,94,76,233
Thu 08-May-2025 6:10 PM,-14,Collingwood,L,R10,2025,Home,Perth Stadium,47780,11,8,0,51,43,11,134,375,16,17,9,12,169,33,62,206,102,6,39,4.3 7.5 8.8 12.11,19,83,48,244,7,2,6,46,30,10,122,300,17,16,11,15,110,35,34,190,94,14,42,5.2 9.3 11.5 15.7,48,97,66,170
Sat 17-May-2025 4:15 PM,34,Greater Western Sydney,W,R11,2025,Away,Showground,8092,17,2,6,47,43,7,131,336,21,19,8,13,146,37,56,190,72,11,37,3.4 5.10 8.15 13.17,35,95,49,187,13,11,0,52,32,5,112,322,19,21,5,8,128,37,45,194,87,12,44,2.4 4.5 4.10 8.13,42,61,62,199
Sat 24-May-2025 6:10 PM,49,Port Adelaide,W,R12,2025,Home,Perth Stadium,40466,10,1,6,53,48,10,160,364,13,13,7,15,145,42,55,219,92,8,36,3.3 6.6 10.8 15.10,48,100,62,199,9,3,0,66,43,3,138,362,13,13,5,7,162,40,56,200,68,6,54,3.1 5.4 5.6 7.9,40,51,64,209
Sat 31-May-2025 1:20 PM,11,Gold Coast,W,R13,2025,Away,Carrara,11750,9,5,3,55,39,6,144,339,28,20,8,11,146,50,61,193,53,5,49,5.3 6.5 9.8 11.9,43,75,86,183,10,5,3,62,46,6,151,351,20,28,4,9,165,55,52,186,57,9,59,2.1 5.5 7.7 9.10,49,64,83,188
Sat 14-Jun-2025 5:35 PM,6,North Melbourne,W,R15,2025,Away,Perth Stadium,31408,13,10,5,65,37,13,147,348,23,25,5,10,150,40,48,198,73,8,69,2.5 7.6 9.9 10.13,49,73,66,199,7,5,1,74,41,4,149,373,25,23,8,10,152,37,60,221,72,6,57,3.1 4.3 6.5 10.7,37,67,77,217
Thu 19-Jun-2025 6:10 PM,41,Essendon,W,R16,2025,Home,Perth Stadium,37570,8,4,6,48,44,11,134,392,16,23,10,16,167,53,57,225,99,6,38,3.2 9.3 13.3 16.8,25,104,49,251,9,7,0,49,26,10,122,365,23,16,7,9,175,24,34,190,85,13,45,2.2 6.5 6.8 9.9,40,63,52,240
Sun 29-Jun-2025 3:10 PM,12,St Kilda,W,R17,2025,Home,Perth Stadium,41600,15,6,5,39,31,13,117,312,17,21,8,11,119,57,49,193,86,15,38,2.2 5.5 6.10 11.15,31,81,57,185,15,12,1,60,46,11,125,350,21,17,7,9,137,26,41,213,91,7,51,1.5 4.8 7.12 9.15,36,69,59,214
Sun 06-Jul-2025 1:10 PM,-11,Sydney,L,R18,2025,Away,S.C.G.,32007,11,8,2,51,32,7,127,317,22,18,8,12,141,35,51,176,81,11,37,2.3 5.6 10.6 12.11,34,83,53,197,10,9,4,38,41,7,123,339,18,22,10,14,110,37,48,229,105,12,41,3.3 8.5 11.8 14.10,39,94,81,207
Sat 12-Jul-2025 6:10 PM,13,Hawthorn,W,R19,2025,Home,Perth Stadium,49460,5,2,5,63,40,8,135,339,18,23,11,12,139,56,51,200,67,10,57,3.1 6.1 8.1 12.5,42,77,103,188,10,3,1,72,39,9,156,365,23,18,6,9,157,51,51,208,64,8,46,2.2 7.4 9.8 9.10,39,64,78,202
Sun 20-Jul-2025 3:15 PM,1,Collingwood,W,R20,2025,Away,M.C.G.,62198,7,9,5,58,39,8,131,352,24,20,9,12,163,39,40,189,83,9,44,4.2 7.5 8.5 12.7,51,79,65,215,12,6,1,66,43,7,151,350,20,24,7,11,158,49,63,192,59,8,41,3.2 8.6 9.8 11.12,28,78,86,191
Sat 26-Jul-2025 2:15 PM,49,West Coast,W,R21,2025,Home,Perth Stadium,54384,18,13,6,57,46,11,131,342,25,26,12,18,154,42,56,188,72,13,43,6.4 7.10 10.16 18.18,30,126,45,210,5,16,0,62,27,8,108,289,26,25,7,12,113,33,42,176,79,10,42,2.0 5.0 7.4 12.5,37,77,45,178
Sun 03-Aug-2025 3:10 PM,27,Carlton,W,R22,2025,Home,Perth Stadium,39358,4,8,4,69,50,11,164,315,21,27,11,15,136,42,44,179,53,6,55,2.0 4.1 8.2 15.4,35,94,87,154,7,0,2,69,43,11,153,366,27,21,6,10,167,51,46,199,66,10,42,5.0 8.1 9.4 10.7,29,67,88,215
Sat 09-Aug-2025 7:40 PM,6,Port Adelaide,W,R23,2025,Away,Adelaide Oval,30390,14,3,5,59,43,11,127,342,29,12,7,13,152,23,54,190,76,11,42,4.5 7.9 9.12 13.14,31,92,39,214,8,5,1,60,25,13,126,351,12,29,6,13,133,34,46,218,107,11,48,0.4 8.5 11.8 13.8,39,86,56,214
Fri 15-Aug-2025 6:35 PM,-57,Brisbane Lions,L,R24,2025,Home,Perth Stadium,54302,14,5,0,49,26,7,113,289,20,18,5,5,121,36,48,168,61,10,46,0.5 3.8 4.13 5.14,35,44,41,171,11,8,6,44,32,12,126,395,18,20,9,15,127,19,51,268,159,14,39,3.2 5.4 10.8 15.11,42,101,37,261
Sun 24-Aug-2025 3:15 PM,15,Western Bulldogs,W,R25,2025,Away,Docklands,44069,10,7,3,37,33,10,129,325,12,17,13,17,137,39,58,188,66,14,58,2.2 9.4 13.6 17.10,40,112,69,189,13,10,3,56,42,16,145,351,17,12,11,14,148,45,55,203,81,12,39,4.5 4.8 7.10 14.13,38,97,61,199
Sat 06-Sep-2025 5:35 PM,-1,Gold Coast,L,EF,2025,Final,Perth Stadium,57507,7,4,0,56,49,14,151,346,22,18,10,12,148,41,59,198,71,11,54,1.2 5.2 8.4 12.7,36,79,76,196,14,13,0,53,41,8,141,350,18,22,5,11,166,49,49,184,60,6,55,1.6 8.9 9.13 11.14,45,80,65,198
Sat 14-Mar-2026 4:15 PM,-10,Geelong,L,R2,2026,Away,Kardinia Park,28715,16,7,4,60,42,6,132,329,24,15,9,14,148,45,46,181,61,8,36,8.4 11.8 14.12 14.16,43,100,63,187,14,7,2,53,28,11,120,361,15,24,13,16,130,26,60,231,111,18,56,3.1 8.4 13.8 16.14,32,110,58,223
Sat 21-Mar-2026 4:35 PM,48,Melbourne,W,R3,2026,Home,Perth Stadium,44736,16,20,6,62,33,9,143,417,14,13,12,17,193,24,58,224,93,12,50,7.7 9.11 16.13 17.16,45,118,45,262,10,4,0,59,30,10,124,333,13,14,7,10,111,34,56,222,99,12,41,1.1 5.4 6.6 10.10,40,70,55,193
Sat 28-Mar-2026 1:15 PM,60,Richmond,W,R4,2026,Home,Perth Stadium,35245,25,8,6,58,41,7,151,406,19,27,11,13,176,57,65,230,95,17,43,1.5 5.9 10.18 13.25,30,103,61,245,7,9,0,67,26,4,118,314,27,19,6,6,144,9,36,170,64,7,41,0.3 5.3 5.4 6.7,50,43,53,178
Fri 03-Apr-2026 6:45 PM,2,Adelaide,W,R5,2026,Away,Adelaide Oval,48627,12,6,4,51,39,13,149,365,21,15,10,11,166,48,55,199,64,12,44,4.3 8.6 9.9 11.12,37,78,70,206,10,6,2,47,39,13,134,306,15,21,10,11,122,46,48,184,66,16,57,3.3 4.5 9.5 11.10,43,76,83,160
Fri 10-Apr-2026 7:10 PM,6,Collingwood,W,R6,2026,Away,Adelaide Oval,47275,3,4,3,54,34,12,147,358,19,14,6,7,146,47,45,212,81,5,52,1.1 2.2 5.2 7.3,55,45,63,204,9,1,3,47,30,11,138,364,14,19,5,5,142,27,61,222,101,10,51,1.2 3.5 5.6 5.9,37,39,92,220
Sun 19-Apr-2026 3:10 PM,56,West Coast,W,R7,2026,Away,Perth Stadium,54232,13,11,6,56,28,15,119,365,17,12,12,14,139,42,50,226,120,19,44,2.4 6.6 10.10 14.13,43,97,56,240,11,3,0,51,26,11,124,333,12,17,5,5,124,18,51,209,98,7,40,0.6 2.8 4.8 5.11,36,41,53,198
Sat 25-Apr-2026 6:15 PM,14,Carlton,W,R8,2026,Home,Perth Stadium,54100,7,9,5,56,34,11,129,404,20,17,15,16,186,39,51,218,103,16,42,3.3 8.4 11.7 16.7,40,103,61,273,11,7,1,54,29,10,132,356,17,20,6,13,166,23,53,190,85,12,46,2.1 6.5 8.7 13.11,32,89,60,221
Fri 01-May-2026 7:30 PM,12,Western Bulldogs,W,R9,2026,Away,Docklands,23071,12,7,3,62,45,9,131,353,27,17,10,17,144,61,63,209,75,14,42,2.1 7.4 12.7 17.12,37,114,78,212,12,6,3,43,37,3,135,371,17,27,12,15,164,23,52,207,81,10,51,6.3 9.6 11.9 15.12,44,102,58,231
Thu 07-May-2026 6:10 PM,15,Hawthorn,W,R10,2026,Home,Perth Stadium,54140,16,6,4,42,41,5,114,329,17,17,10,12,138,34,56,191,79,14,44,4.4 6.8 7.10 12.16,29,88,58,212,7,1,2,60,29,9,124,351,17,17,9,11,142,41,41,209,89,9,47,4.2 9.5 10.7 11.7,43,73,42,214
Sun 17-May-2026 1:10 PM,43,Essendon,W,R11,2026,Away,M.C.G.,25100,8,1,6,57,29,9,127,384,19,21,11,16,160,35,52,224,88,9,53,5.4 10.6 13.6 16.8,39,104,65,239,13,0,0,51,33,7,127,350,21,19,5,8,161,28,47,189,79,11,37,1.3 1.8 3.12 8.13,36,61,64,217
Fri 22-May-2026 6:30 PM,30,St Kilda,W,R12,2026,Home,Perth Stadium,53707,8,19,6,52,34,17,148,394,13,14,13,16,183,33,61,211,101,13,30,3.1 7.2 10.5 16.8,34,104,54,243,8,5,0,58,41,12,131,351,14,13,7,11,152,31,45,199,90,10,35,4.1 7.3 9.5 11.8,44,74,55,210
Sat 30-May-2026 4:15 PM,25,Brisbane Lions,W,R13,2026,Away,Gabba,32423,13,17,5,51,31,9,120,364,18,21,12,15,166,35,47,198,80,15,33,3.5 7.7 13.11 15.13,48,103,45,230,18,13,1,48,42,13,118,298,21,18,6,10,101,36,59,197,81,9,51,1.4 3.10 6.13 10.18,30,78,36,174
Sat 06-Jun-2026 12:15 PM,124,North Melbourne,W,R14,2026,Away,Hands Oval,13331,11,25,6,48,37,8,109,383,13,22,17,24,169,36,57,214,118,22,36,4.3 13.4 17.5 24.11,28,155,43,275,7,3,0,53,29,7,96,325,22,14,1,4,132,22,32,193,101,3,31,2.2 4.4 4.6 4.7,33,31,43,221
Thu 18-Jun-2026 6:10 PM,9,Geelong,W,R16,2026,Home,Perth Stadium,55201,15,13,6,48,35,12,120,382,9,19,9,14,159,36,54,223,110,20,37,3.4 6.11 13.11 14.15,29,99,51,247,6,11,0,47,31,15,112,339,19,9,11,14,140,26,44,199,88,11,28,5.2 9.2 11.4 14.6,39,90,32,211
Sun 28-Jun-2026 3:10 PM,51,Gold Coast,W,R17,2026,Home,Perth Stadium,50602,14,13,6,55,24,8,115,393,21,18,10,11,195,36,54,198,91,17,43,4.4 4.7 8.12 11.14,35,80,67,269,11,5,0,57,36,2,129,329,18,21,3,3,141,42,40,188,75,4,47,0.2 1.5 2.8 3.11,43,29,45,190
Sat 04-Jul-2026 1:35 PM,-21,Greater Western Sydney,L,R18,2026,Away,Manuka Oval,11856,10,22,0,55,28,9,128,336,18,24,8,13,158,46,47,178,74,5,39,5.1 7.3 10.5 13.10,45,88,67,203,13,18,6,53,42,5,140,375,24,18,9,16,169,24,62,206,86,10,46,5.3 9.4 13.9 16.13,34,109,58,234
Thu 09-Jul-2026 6:10 PM,38,Sydney,W,R19,2026,Home,Perth Stadium,55966,21,14,4,46,39,12,146,381,22,21,10,15,186,36,65,195,77,14,52,0.5 0.11 6.16 15.21,36,111,50,239,13,16,2,49,31,5,121,339,21,22,8,10,143,31,47,196,71,11,53,3.6 4.9 7.12 10.13,49,73,70,202
Sat 18-Jul-2026 12:45 PM,28,Port Adelaide,W,R20,2026,Away,Adelaide Oval,28727,13,12,4,63,36,17,133,379,25,21,13,15,185,35,55,194,86,16,38,5.1 6.6 12.8 15.13,36,103,67,242,9,12,2,55,36,4,122,341,21,25,5,11,121,37,47,220,100,8,38,5.3 8.6 9.7 11.9,40,75,58,212
Fri 24-Jul-2026 6:10 PM,70,West Coast,W,R21,2026,Home,Perth Stadium,56616,16,14,6,49,37,12,127,370,13,27,11,16,175,50,52,195,87,14,36,2.6 5.10 10.12 16.16,28,112,57,239,6,15,0,64,30,8,105,375,27,13,4,6,169,27,35,206,116,7,37,3.1 5.2 6.4 6.6,35,42,46,263
Fri 31-Jul-2026 6:10 PM,37,Western Bulldogs,W,R22,2026,Home,Perth Stadium,53524,12,18,6,47,29,10,108,370,15,19,8,11,129,41,54,241,136,14,37,1.3 4.5 6.10 11.12,32,78,51,251,11,3,0,60,37,4,128,353,19,15,4,5,154,27,38,199,78,9,51,1.2 4.5 4.8 5.11,43,41,50,215
Sat 08-Aug-2026 1:15 PM,-4,Melbourne,L,R23,2026,Away,M.C.G.,40938,7,5,1,61,43,12,113,321,29,19,12,17,130,40,51,191,91,15,39,5.2 11.2 14.4 17.7,37,109,59,208,11,6,5,55,32,6,138,323,19,29,12,17,140,34,56,183,67,14,39,5.2 10.5 12.8 17.11,34,113,68,179
Fri 14-Aug-2026 6:10 PM,24,Adelaide,W,R24,2026,Home,Perth Stadium,55010,16,10,3,44,44,13,134,353,19,17,14,16,163,54,60,190,75,13,53,5.4 7.5 11.10 16.16,32,112,72,210,10,1,3,42,38,12,135,320,17,19,10,13,112,39,46,208,75,6,51,3.3 6.6 10.9 13.10,44,88,58,167
Sat 22-Aug-2026 1:15 PM,-37,Carlton,L,R25,2026,Away,Docklands,42020,10,3,0,44,30,6,104,300,14,16,10,12,143,39,42,157,71,15,38,5.2 6.8 8.10 12.10,34,82,52,188,11,9,6,47,43,11,126,413,16,14,15,18,168,22,52,245,127,22,27,4.5 8.7 12.8 18.11,28,119,40,278
Thu 03-Sep-2026 6:10 PM,-32,Hawthorn,L,QF,2026,Final,Perth Stadium,59446,10,16,0,59,31,14,140,403,13,13,5,5,186,31,57,217,106,9,43,1.3 1.4 4.7 5.10,41,40,48,253,12,2,0,42,32,12,140,328,13,13,9,10,123,30,51,205,77,11,54,4.4 6.7 9.10 10.12,49,72,57,182
Fri 11-Sep-2026 6:10 PM,14,Geelong,W,SF,2026,Final,Perth Stadium,59725,12,14,0,62,44,11,141,364,15,16,14,18,176,46,60,188,74,16,44,6.2 10.5 15.6 18.12,30,120,68,215,10,7,0,50,31,6,133,327,16,15,13,16,138,27,47,189,75,11,38,2.1 7.2 12.8 16.10,42,106,55,189
Fri 18-Sep-2026 7:40 PM,12,Sydney,W,PF,2026,Final,S.C.G.,45129,11,8,0,58,44,17,163,369,24,20,8,12,158,48,67,211,70,8,42,2.1 4.5 7.7 12.11,39,83,64,199,11,13,0,60,30,8,133,315,20,24,6,10,139,36,49,176,44,6,57,4.5 7.6 10.10 10.11,54,71,80,155
Sat 26-Sep-2026 2:30 PM,-7,Brisbane Lions,L,GF,2026,Final,M.C.G.,100023,17,12,0,35,45,17,139,308,7,12,10,12,105,51,62,203,77,13,42,3.4 6.7 10.12 12.17,34,89,70,155,12,11,0,45,31,7,130,358,12,7,10,14,113,33,48,245,84,10,60,3.5 6.7 9.8 14.12,50,96,69,197
