season,api_round,date_local,opponent,freo_side,match_id,freo_behinds,freo_bounces,freo_centre_clearances,freo_clangers,freo_contest_def_losses,freo_contest_def_one_on_ones,freo_contest_off_one_on_ones,freo_contest_off_wins,freo_contested_marks,freo_contested_possessions,freo_def_half_pressure_acts,freo_disposal_efficiency,freo_disposals,freo_effective_disposals,freo_effective_kicks,freo_f50_ground_ball_gets,freo_frees_against,freo_frees_for,freo_goal_accuracy,freo_goal_assists,freo_goal_efficiency,freo_goals,freo_ground_ball_gets,freo_handballs,freo_hitouts,freo_hitouts_to_advantage,freo_inside50s,freo_intercept_marks,freo_intercepts,freo_kickins,freo_kickins_playon,freo_kicks,freo_marks,freo_marks_inside50,freo_marks_on_lead,freo_metres_gained,freo_one_percenters,freo_pressure_acts,freo_rebound50s,freo_ruck_contests,freo_score_launches,freo_shot_efficiency,freo_shots_at_goal,freo_spoils,freo_stoppage_clearances,freo_tackles,freo_tackles_inside50,freo_total_clearances,freo_total_possessions,freo_turnovers,freo_uncontested_possessions,opp_behinds,opp_bounces,opp_centre_clearances,opp_clangers,opp_contest_def_losses,opp_contest_def_one_on_ones,opp_contest_off_one_on_ones,opp_contest_off_wins,opp_contested_marks,opp_contested_possessions,opp_def_half_pressure_acts,opp_disposal_efficiency,opp_disposals,opp_effective_disposals,opp_effective_kicks,opp_f50_ground_ball_gets,opp_frees_against,opp_frees_for,opp_goal_accuracy,opp_goal_assists,opp_goal_efficiency,opp_goals,opp_ground_ball_gets,opp_handballs,opp_hitouts,opp_hitouts_to_advantage,opp_inside50s,opp_intercept_marks,opp_intercepts,opp_kickins,opp_kickins_playon,opp_kicks,opp_marks,opp_marks_inside50,opp_marks_on_lead,opp_metres_gained,opp_one_percenters,opp_pressure_acts,opp_rebound50s,opp_ruck_contests,opp_score_launches,opp_shot_efficiency,opp_shots_at_goal,opp_spoils,opp_stoppage_clearances,opp_tackles,opp_tackles_inside50,opp_total_clearances,opp_total_possessions,opp_turnovers,opp_uncontested_possessions
2025,Round 1,2025-03-15,Geelong,away,CD_M20250140103,9.0,5.0,18.0,69.0,5.0,12.0,11.0,5.0,5.0,129.0,153.0,74.5,361.0,269.0,120.0,16.0,24.0,19.0,45.5,8.0,23.3,10.0,87.0,178.0,57.0,16.0,43.0,12.0,56.0,9.0,8.0,183.0,55.0,8.0,6.0,5578.0,45.0,255.0,32.0,106.0,19.0,51.2,22.0,35.0,23.0,59.0,5.0,41.0,348.0,65.0,219.0,9.0,8.0,14.0,57.0,5.0,11.0,12.0,5.0,11.0,143.0,119.0,73.6,360.0,265.0,184.0,25.0,19.0,24.0,67.6,14.0,41.8,23.0,97.0,113.0,35.0,9.0,55.0,15.0,65.0,9.0,9.0,247.0,110.0,17.0,5.0,6586.0,36.0,325.0,32.0,107.0,32.0,61.8,34.0,29.0,25.0,89.0,23.0,39.0,345.0,55.0,202.0
2025,Round 2,2025-03-23,Sydney,home,CD_M20250140208,11.0,6.0,10.0,54.0,3.0,9.0,10.0,4.0,13.0,140.0,107.0,71.6,363.0,260.0,132.0,20.0,18.0,15.0,36.0,6.0,15.3,9.0,103.0,160.0,34.0,7.0,59.0,17.0,74.0,13.0,12.0,203.0,83.0,12.0,7.0,6343.0,43.0,254.0,45.0,72.0,20.0,42.4,25.0,28.0,15.0,48.0,9.0,25.0,356.0,69.0,216.0,14.0,11.0,10.0,54.0,4.0,10.0,9.0,3.0,6.0,132.0,137.0,70.7,348.0,246.0,147.0,13.0,15.0,18.0,36.0,7.0,16.4,9.0,94.0,122.0,31.0,14.0,55.0,12.0,69.0,11.0,10.0,226.0,94.0,9.0,5.0,6540.0,37.0,299.0,49.0,72.0,23.0,45.5,25.0,31.0,27.0,57.0,9.0,37.0,339.0,74.0,207.0
2025,Round 3,2025-03-30,West Coast,away,CD_M20250140307,16.0,6.0,16.0,55.0,2.0,6.0,13.0,4.0,13.0,122.0,80.0,75.3,344.0,259.0,145.0,11.0,16.0,21.0,44.1,14.0,23.1,15.0,71.0,134.0,38.0,18.0,65.0,17.0,64.0,7.0,7.0,210.0,89.0,21.0,11.0,6205.0,36.0,209.0,27.0,76.0,31.0,52.3,34.0,23.0,24.0,39.0,10.0,40.0,337.0,65.0,215.0,8.0,11.0,9.0,58.0,4.0,13.0,6.0,2.0,11.0,108.0,143.0,68.7,291.0,200.0,115.0,10.0,21.0,16.0,47.6,9.0,27.0,10.0,67.0,105.0,29.0,8.0,37.0,14.0,65.0,16.0,15.0,186.0,79.0,10.0,9.0,5291.0,37.0,250.0,48.0,76.0,18.0,56.8,21.0,25.0,16.0,46.0,10.0,25.0,280.0,63.0,172.0
2025,Round 4,2025-04-06,Western Bulldogs,home,CD_M20250140408,7.0,15.0,10.0,67.0,3.0,8.0,8.0,4.0,7.0,140.0,160.0,74.5,361.0,269.0,130.0,12.0,27.0,15.0,62.5,13.0,34.1,15.0,102.0,170.0,40.0,15.0,44.0,12.0,65.0,9.0,8.0,191.0,74.0,8.0,10.0,6126.0,60.0,276.0,50.0,103.0,22.0,54.5,24.0,45.0,29.0,67.0,8.0,39.0,360.0,62.0,220.0,9.0,4.0,15.0,54.0,4.0,8.0,8.0,3.0,11.0,157.0,116.0,67.5,375.0,253.0,135.0,21.0,15.0,27.0,52.2,10.0,19.0,12.0,100.0,154.0,46.0,11.0,63.0,15.0,62.0,7.0,6.0,221.0,85.0,11.0,7.0,6180.0,36.0,281.0,29.0,103.0,21.0,36.5,23.0,23.0,27.0,57.0,11.0,42.0,375.0,65.0,218.0
2025,Round 5,2025-04-13,Richmond,away,CD_M20250140507,12.0,19.0,15.0,51.0,4.0,12.0,15.0,3.0,11.0,129.0,80.0,77.1,362.0,279.0,148.0,9.0,15.0,20.0,55.2,12.0,24.6,16.0,81.0,154.0,35.0,13.0,65.0,17.0,63.0,5.0,5.0,208.0,98.0,17.0,7.0,6416.0,30.0,237.0,28.0,97.0,28.0,44.6,29.0,23.0,28.0,62.0,16.0,43.0,360.0,54.0,231.0,5.0,4.0,8.0,55.0,3.0,15.0,12.0,4.0,6.0,112.0,99.0,76.7,360.0,276.0,145.0,8.0,20.0,15.0,58.3,5.0,19.4,7.0,72.0,160.0,42.0,14.0,36.0,15.0,55.0,12.0,9.0,200.0,104.0,4.0,7.0,5487.0,35.0,223.0,49.0,97.0,12.0,33.3,12.0,27.0,25.0,42.0,7.0,33.0,356.0,63.0,244.0
2025,Round 6,2025-04-19,Melbourne,away,CD_M20250140604,13.0,8.0,11.0,35.0,7.0,18.0,13.0,2.0,5.0,116.0,129.0,77.9,326.0,254.0,139.0,6.0,21.0,19.0,50.0,12.0,28.6,14.0,83.0,141.0,25.0,5.0,49.0,9.0,59.0,10.0,9.0,185.0,80.0,12.0,10.0,5792.0,38.0,246.0,39.0,86.0,27.0,57.1,28.0,31.0,22.0,46.0,4.0,33.0,320.0,53.0,204.0,11.0,7.0,20.0,45.0,2.0,13.0,18.0,7.0,6.0,134.0,98.0,78.1,392.0,306.0,171.0,19.0,19.0,21.0,53.3,13.0,28.6,16.0,88.0,163.0,37.0,7.0,56.0,8.0,53.0,13.0,10.0,229.0,110.0,7.0,10.0,6112.0,32.0,245.0,35.0,86.0,27.0,53.6,30.0,25.0,18.0,59.0,27.0,38.0,386.0,58.0,252.0
2025,Round 7,2025-04-25,Adelaide,home,CD_M20250140703,13.0,7.0,11.0,49.0,3.0,7.0,7.0,2.0,7.0,128.0,98.0,70.9,340.0,241.0,114.0,14.0,25.0,24.0,50.0,9.0,22.6,12.0,78.0,156.0,38.0,14.0,53.0,13.0,51.0,13.0,13.0,184.0,74.0,7.0,6.0,5620.0,49.0,251.0,33.0,94.0,25.0,45.3,24.0,32.0,27.0,53.0,8.0,38.0,334.0,54.0,206.0,13.0,2.0,7.0,56.0,2.0,7.0,7.0,3.0,8.0,122.0,126.0,69.9,326.0,228.0,123.0,8.0,24.0,25.0,37.5,8.0,21.4,9.0,78.0,119.0,37.0,9.0,42.0,8.0,54.0,13.0,10.0,207.0,81.0,14.0,10.0,5363.0,38.0,260.0,40.0,94.0,22.0,57.1,24.0,31.0,23.0,72.0,18.0,30.0,316.0,50.0,194.0
2025,Round 8,2025-05-02,St Kilda,away,CD_M20250140802,3.0,5.0,5.0,67.0,2.0,8.0,10.0,2.0,16.0,103.0,145.0,73.4,286.0,210.0,119.0,9.0,30.0,21.0,50.0,3.0,14.7,5.0,63.0,121.0,51.0,7.0,34.0,15.0,60.0,10.0,10.0,165.0,82.0,4.0,6.0,4828.0,40.0,278.0,46.0,108.0,8.0,29.4,10.0,26.0,17.0,87.0,18.0,22.0,278.0,60.0,175.0,10.0,3.0,13.0,67.0,2.0,10.0,8.0,2.0,4.0,151.0,87.0,71.4,378.0,270.0,149.0,22.0,21.0,30.0,45.2,12.0,23.0,14.0,101.0,147.0,38.0,11.0,61.0,11.0,60.0,3.0,3.0,231.0,95.0,15.0,10.0,5616.0,32.0,212.0,28.0,108.0,24.0,50.8,31.0,14.0,37.0,76.0,9.0,50.0,384.0,60.0,233.0
2025,Round 9,2025-05-08,Collingwood,home,CD_M20250140901,11.0,8.0,20.0,51.0,6.0,9.0,13.0,5.0,11.0,134.0,82.0,75.5,375.0,283.0,144.0,16.0,16.0,17.0,48.0,9.0,19.4,12.0,85.0,169.0,33.0,9.0,62.0,11.0,55.0,7.0,7.0,206.0,102.0,6.0,4.0,5846.0,39.0,207.0,19.0,91.0,22.0,40.3,25.0,21.0,23.0,48.0,10.0,43.0,378.0,61.0,244.0,7.0,2.0,8.0,46.0,5.0,13.0,9.0,6.0,10.0,122.0,141.0,70.0,300.0,210.0,135.0,15.0,17.0,16.0,60.0,11.0,44.1,15.0,84.0,110.0,35.0,8.0,34.0,23.0,61.0,11.0,11.0,190.0,94.0,14.0,11.0,5622.0,42.0,274.0,49.0,92.0,22.0,73.5,25.0,27.0,22.0,66.0,10.0,30.0,292.0,55.0,170.0
2025,Round 10,2025-05-17,Greater Western Sydney,away,CD_M20250141005,17.0,2.0,15.0,47.0,3.0,13.0,10.0,2.0,7.0,131.0,91.0,71.4,336.0,240.0,128.0,19.0,21.0,19.0,41.9,8.0,23.2,13.0,90.0,146.0,37.0,11.0,56.0,14.0,56.0,13.0,13.0,190.0,72.0,11.0,8.0,6022.0,37.0,231.0,35.0,93.0,30.0,55.4,31.0,29.0,28.0,49.0,12.0,43.0,318.0,55.0,187.0,13.0,11.0,8.0,52.0,2.0,10.0,13.0,3.0,5.0,112.0,121.0,74.5,322.0,240.0,136.0,14.0,19.0,21.0,36.4,5.0,17.8,8.0,74.0,128.0,37.0,11.0,45.0,10.0,55.0,17.0,16.0,194.0,87.0,12.0,9.0,5664.0,44.0,235.0,42.0,93.0,21.0,48.9,22.0,32.0,24.0,62.0,10.0,32.0,311.0,56.0,199.0
2025,Round 11,2025-05-24,Port Adelaide,home,CD_M20250141106,10.0,1.0,12.0,53.0,2.0,13.0,15.0,4.0,10.0,160.0,147.0,72.0,364.0,262.0,158.0,24.0,13.0,13.0,57.7,7.0,27.3,15.0,114.0,145.0,42.0,18.0,55.0,18.0,74.0,9.0,9.0,219.0,92.0,8.0,3.0,6262.0,36.0,288.0,48.0,107.0,25.0,47.3,26.0,21.0,36.0,62.0,8.0,48.0,359.0,65.0,199.0,9.0,3.0,11.0,66.0,4.0,15.0,13.0,2.0,3.0,138.0,135.0,65.2,362.0,236.0,108.0,14.0,13.0,13.0,35.0,5.0,12.5,7.0,103.0,162.0,40.0,12.0,56.0,8.0,66.0,10.0,9.0,200.0,68.0,6.0,5.0,5664.0,54.0,277.0,40.0,107.0,16.0,35.7,20.0,37.0,32.0,64.0,10.0,43.0,347.0,74.0,209.0
2025,Round 12,2025-05-31,Gold Coast,away,CD_M20250141203,9.0,5.0,11.0,55.0,4.0,12.0,14.0,2.0,6.0,144.0,117.0,69.6,339.0,236.0,110.0,19.0,28.0,20.0,52.4,8.0,18.0,11.0,113.0,146.0,50.0,8.0,61.0,10.0,75.0,10.0,10.0,193.0,53.0,5.0,4.0,6276.0,49.0,291.0,43.0,115.0,19.0,34.4,21.0,42.0,28.0,86.0,20.0,39.0,327.0,75.0,183.0,10.0,5.0,9.0,62.0,2.0,14.0,12.0,4.0,6.0,151.0,150.0,67.5,351.0,237.0,118.0,10.0,20.0,28.0,40.9,4.0,17.3,9.0,107.0,165.0,55.0,9.0,52.0,11.0,75.0,9.0,8.0,186.0,57.0,9.0,4.0,5938.0,59.0,291.0,49.0,115.0,19.0,42.3,22.0,43.0,37.0,83.0,12.0,46.0,339.0,74.0,188.0
2025,Round 14,2025-06-14,North Melbourne,away,CD_M20250141405,13.0,10.0,10.0,65.0,5.0,13.0,13.0,4.0,13.0,147.0,174.0,71.6,348.0,249.0,128.0,13.0,23.0,25.0,41.7,5.0,20.8,10.0,94.0,150.0,40.0,14.0,48.0,12.0,74.0,7.0,7.0,198.0,73.0,8.0,5.0,6065.0,69.0,298.0,49.0,94.0,21.0,50.0,24.0,55.0,27.0,66.0,7.0,37.0,346.0,73.0,199.0,7.0,5.0,12.0,74.0,4.0,13.0,13.0,5.0,4.0,149.0,125.0,68.6,373.0,256.0,128.0,22.0,25.0,23.0,50.0,8.0,16.7,10.0,102.0,152.0,37.0,10.0,60.0,9.0,73.0,12.0,10.0,221.0,72.0,6.0,6.0,6259.0,57.0,305.0,37.0,94.0,16.0,33.3,20.0,38.0,29.0,77.0,29.0,41.0,366.0,73.0,217.0
2025,Round 15,2025-06-19,Essendon,home,CD_M20250141501,8.0,4.0,17.0,48.0,5.0,12.0,13.0,2.0,11.0,134.0,90.0,79.1,392.0,310.0,163.0,20.0,16.0,23.0,66.7,10.0,28.1,16.0,79.0,167.0,53.0,20.0,57.0,12.0,55.0,9.0,9.0,225.0,99.0,6.0,7.0,5778.0,38.0,279.0,25.0,87.0,24.0,42.1,24.0,30.0,27.0,49.0,11.0,44.0,385.0,63.0,251.0,9.0,7.0,8.0,49.0,2.0,13.0,12.0,5.0,10.0,122.0,158.0,75.9,365.0,277.0,129.0,10.0,23.0,16.0,50.0,7.0,26.5,9.0,87.0,175.0,24.0,6.0,34.0,11.0,63.0,8.0,8.0,190.0,85.0,13.0,12.0,4754.0,45.0,295.0,40.0,87.0,18.0,52.9,18.0,37.0,18.0,52.0,6.0,26.0,362.0,55.0,240.0
2025,Round 16,2025-06-29,St Kilda,home,CD_M20250141605,15.0,6.0,7.0,39.0,1.0,9.0,5.0,2.0,13.0,117.0,140.0,71.5,312.0,223.0,123.0,11.0,17.0,21.0,35.5,8.0,22.4,11.0,64.0,119.0,57.0,11.0,49.0,17.0,63.0,14.0,11.0,193.0,86.0,15.0,8.0,5535.0,38.0,273.0,31.0,107.0,26.0,63.3,31.0,26.0,24.0,57.0,11.0,31.0,302.0,48.0,185.0,15.0,12.0,13.0,60.0,2.0,5.0,9.0,1.0,11.0,125.0,121.0,73.1,350.0,256.0,140.0,16.0,21.0,17.0,39.1,7.0,22.0,9.0,82.0,137.0,26.0,9.0,41.0,11.0,48.0,15.0,15.0,213.0,91.0,7.0,15.0,5404.0,51.0,253.0,37.0,106.0,24.0,56.1,23.0,40.0,33.0,59.0,13.0,46.0,339.0,63.0,214.0
2025,Round 17,2025-07-06,Sydney,away,CD_M20250141708,11.0,8.0,10.0,51.0,3.0,11.0,11.0,3.0,7.0,127.0,106.0,72.6,317.0,230.0,113.0,13.0,22.0,18.0,46.2,8.0,23.5,12.0,83.0,141.0,35.0,11.0,51.0,10.0,61.0,10.0,9.0,176.0,81.0,11.0,14.0,4977.0,37.0,238.0,34.0,93.0,23.0,51.0,26.0,29.0,22.0,53.0,8.0,32.0,324.0,56.0,197.0,10.0,9.0,14.0,38.0,3.0,11.0,11.0,3.0,7.0,123.0,118.0,73.5,339.0,249.0,160.0,15.0,18.0,22.0,63.6,10.0,29.2,14.0,80.0,110.0,37.0,9.0,48.0,17.0,56.0,11.0,11.0,229.0,105.0,12.0,13.0,5485.0,41.0,267.0,39.0,94.0,23.0,45.8,22.0,32.0,27.0,81.0,23.0,41.0,330.0,61.0,207.0
2025,Round 18,2025-07-12,Hawthorn,home,CD_M20250141809,5.0,2.0,11.0,63.0,5.0,11.0,10.0,2.0,8.0,135.0,157.0,69.6,339.0,236.0,120.0,16.0,18.0,23.0,60.0,11.0,23.5,12.0,95.0,139.0,56.0,8.0,51.0,12.0,70.0,10.0,10.0,200.0,67.0,10.0,10.0,5316.0,57.0,337.0,42.0,119.0,17.0,39.2,20.0,47.0,29.0,103.0,16.0,40.0,323.0,80.0,188.0,10.0,3.0,11.0,72.0,2.0,10.0,11.0,5.0,9.0,156.0,120.0,63.8,365.0,233.0,111.0,25.0,23.0,18.0,40.9,6.0,17.6,9.0,111.0,157.0,51.0,16.0,51.0,17.0,80.0,5.0,5.0,208.0,64.0,8.0,2.0,5482.0,46.0,299.0,39.0,119.0,18.0,43.1,22.0,33.0,28.0,78.0,25.0,39.0,358.0,70.0,202.0
2025,Round 19,2025-07-20,Collingwood,away,CD_M20250141905,7.0,9.0,10.0,58.0,2.0,5.0,16.0,5.0,8.0,131.0,184.0,72.4,352.0,255.0,120.0,9.0,24.0,20.0,57.1,9.0,30.0,12.0,88.0,163.0,39.0,14.0,40.0,17.0,62.0,12.0,12.0,189.0,83.0,9.0,5.0,5381.0,44.0,291.0,51.0,107.0,18.0,52.5,21.0,32.0,29.0,65.0,9.0,39.0,346.0,75.0,215.0,12.0,6.0,12.0,66.0,5.0,16.0,5.0,2.0,7.0,151.0,96.0,63.4,350.0,222.0,100.0,16.0,20.0,24.0,47.8,7.0,17.5,11.0,94.0,158.0,49.0,18.0,63.0,15.0,76.0,7.0,7.0,192.0,59.0,8.0,8.0,5591.0,41.0,299.0,28.0,107.0,23.0,36.5,23.0,24.0,31.0,86.0,35.0,43.0,342.0,62.0,191.0
2025,Round 20,2025-07-26,West Coast,home,CD_M20250142009,18.0,13.0,15.0,57.0,1.0,7.0,6.0,1.0,11.0,131.0,95.0,73.4,342.0,251.0,118.0,17.0,25.0,26.0,45.0,12.0,32.1,18.0,75.0,154.0,42.0,17.0,56.0,15.0,56.0,4.0,4.0,188.0,72.0,13.0,11.0,5924.0,43.0,203.0,30.0,88.0,36.0,71.4,40.0,30.0,31.0,45.0,11.0,46.0,341.0,50.0,210.0,5.0,16.0,14.0,62.0,1.0,6.0,7.0,1.0,8.0,108.0,116.0,73.0,289.0,211.0,122.0,10.0,26.0,25.0,60.0,7.0,28.6,12.0,70.0,113.0,33.0,6.0,42.0,9.0,51.0,18.0,16.0,176.0,79.0,10.0,9.0,5094.0,42.0,240.0,37.0,88.0,17.0,47.6,20.0,32.0,13.0,45.0,13.0,27.0,286.0,55.0,178.0
2025,Round 21,2025-08-03,Carlton,home,CD_M20250142108,4.0,8.0,7.0,69.0,4.0,13.0,10.0,2.0,11.0,164.0,171.0,64.4,315.0,203.0,104.0,12.0,21.0,27.0,71.4,11.0,34.1,15.0,102.0,136.0,42.0,15.0,44.0,17.0,75.0,7.0,7.0,179.0,53.0,6.0,4.0,5566.0,55.0,328.0,35.0,120.0,19.0,47.7,21.0,35.0,43.0,87.0,5.0,50.0,318.0,73.0,154.0,7.0,0.0,16.0,69.0,2.0,10.0,13.0,4.0,11.0,153.0,132.0,66.9,366.0,245.0,107.0,17.0,27.0,21.0,52.6,6.0,21.7,10.0,95.0,167.0,51.0,20.0,46.0,21.0,73.0,4.0,2.0,199.0,66.0,10.0,4.0,5173.0,42.0,301.0,29.0,120.0,17.0,41.3,19.0,27.0,27.0,88.0,11.0,43.0,368.0,75.0,215.0
2025,Round 22,2025-08-09,Port Adelaide,away,CD_M20250142201,14.0,3.0,19.0,59.0,2.0,11.0,7.0,1.0,11.0,127.0,119.0,75.4,342.0,258.0,124.0,20.0,29.0,12.0,41.9,7.0,24.1,13.0,93.0,152.0,23.0,8.0,54.0,15.0,64.0,8.0,7.0,190.0,76.0,11.0,7.0,5777.0,42.0,219.0,32.0,71.0,27.0,57.4,31.0,31.0,24.0,39.0,7.0,43.0,341.0,69.0,214.0,8.0,5.0,10.0,60.0,1.0,7.0,11.0,2.0,13.0,126.0,147.0,71.8,351.0,252.0,146.0,20.0,12.0,29.0,54.2,6.0,28.3,13.0,73.0,133.0,34.0,10.0,46.0,16.0,69.0,14.0,12.0,218.0,107.0,11.0,15.0,5553.0,48.0,274.0,39.0,71.0,21.0,52.2,24.0,41.0,15.0,56.0,11.0,25.0,340.0,64.0,214.0
2025,Round 23,2025-08-15,Brisbane Lions,home,CD_M20250142308,14.0,5.0,14.0,49.0,1.0,11.0,9.0,4.0,7.0,113.0,118.0,69.2,289.0,200.0,99.0,9.0,20.0,18.0,25.0,5.0,10.4,5.0,76.0,121.0,36.0,7.0,48.0,12.0,66.0,11.0,11.0,168.0,61.0,10.0,5.0,5101.0,46.0,226.0,36.0,65.0,19.0,41.7,20.0,38.0,12.0,41.0,4.0,26.0,284.0,65.0,171.0,11.0,8.0,7.0,44.0,4.0,9.0,11.0,1.0,12.0,126.0,109.0,77.2,395.0,305.0,203.0,17.0,18.0,20.0,53.6,9.0,29.4,15.0,89.0,127.0,19.0,3.0,51.0,16.0,65.0,14.0,9.0,268.0,159.0,14.0,9.0,6144.0,39.0,223.0,42.0,66.0,26.0,54.9,28.0,28.0,25.0,37.0,9.0,32.0,387.0,66.0,261.0
2025,Round 24,2025-08-24,Western Bulldogs,away,CD_M20250142404,10.0,7.0,18.0,37.0,3.0,12.0,18.0,4.0,10.0,129.0,149.0,75.7,325.0,246.0,131.0,14.0,12.0,17.0,53.1,13.0,29.3,17.0,89.0,137.0,39.0,8.0,58.0,14.0,65.0,12.0,12.0,188.0,66.0,14.0,9.0,5956.0,58.0,296.0,40.0,108.0,27.0,55.2,32.0,45.0,15.0,69.0,18.0,33.0,318.0,64.0,189.0,13.0,10.0,13.0,56.0,4.0,18.0,12.0,3.0,16.0,145.0,124.0,72.9,351.0,256.0,136.0,20.0,17.0,12.0,48.3,11.0,25.5,14.0,102.0,148.0,45.0,11.0,55.0,11.0,64.0,8.0,6.0,203.0,81.0,12.0,6.0,6016.0,39.0,275.0,38.0,108.0,27.0,52.7,29.0,25.0,29.0,61.0,25.0,42.0,344.0,65.0,199.0
2025,Finals Week 1,2025-09-06,Gold Coast,home,CD_M20250142504,7.0,4.0,11.0,56.0,2.0,9.0,12.0,6.0,14.0,151.0,131.0,72.0,346.0,249.0,131.0,7.0,22.0,18.0,50.0,10.0,20.3,12.0,89.0,148.0,41.0,14.0,59.0,16.0,55.0,14.0,14.0,198.0,71.0,11.0,8.0,6474.0,54.0,283.0,37.0,115.0,19.0,40.7,24.0,33.0,38.0,76.0,12.0,49.0,347.0,64.0,196.0,14.0,13.0,11.0,53.0,6.0,12.0,9.0,2.0,8.0,141.0,105.0,74.0,350.0,259.0,120.0,16.0,18.0,22.0,44.0,5.0,22.4,11.0,102.0,166.0,49.0,8.0,49.0,11.0,64.0,7.0,7.0,184.0,60.0,6.0,7.0,6272.0,55.0,262.0,45.0,114.0,25.0,51.0,25.0,46.0,30.0,65.0,12.0,41.0,339.0,55.0,198.0
2026,Round 1,2026-03-14,Geelong,away,CD_M20260140104,16.0,7.0,17.0,60.0,1.0,9.0,13.0,1.0,6.0,132.0,136.0,70.2,329.0,231.0,112.0,23.0,24.0,15.0,41.2,9.0,30.4,14.0,88.0,148.0,45.0,13.0,46.0,15.0,60.0,14.0,14.0,181.0,61.0,8.0,8.0,6112.0,36.0,228.0,43.0,89.0,30.0,73.9,34.0,29.0,25.0,63.0,11.0,42.0,319.0,62.0,187.0,14.0,7.0,11.0,53.0,1.0,13.0,9.0,1.0,11.0,120.0,106.0,74.0,361.0,267.0,161.0,15.0,15.0,24.0,47.1,13.0,26.7,16.0,75.0,130.0,26.0,6.0,60.0,15.0,62.0,16.0,8.0,231.0,111.0,18.0,9.0,6479.0,56.0,234.0,32.0,89.0,30.0,56.7,34.0,40.0,17.0,58.0,9.0,28.0,343.0,60.0,223.0
2026,Round 2,2026-03-21,Melbourne,home,CD_M20260140205,16.0,20.0,12.0,62.0,0,3.0,9.0,3.0,9.0,143.0,109.0,73.4,417.0,306.0,148.0,22.0,14.0,13.0,47.2,12.0,29.3,17.0,101.0,193.0,24.0,10.0,58.0,13.0,77.0,10.0,9.0,224.0,93.0,12.0,11.0,6993.0,50.0,201.0,45.0,77.0,33.0,62.1,36.0,39.0,21.0,45.0,9.0,33.0,405.0,76.0,262.0,10.0,4.0,15.0,59.0,3.0,9.0,3.0,0,10.0,124.0,129.0,68.8,333.0,229.0,142.0,17.0,13.0,14.0,40.0,7.0,17.9,10.0,82.0,111.0,34.0,9.0,56.0,24.0,76.0,16.0,14.0,222.0,99.0,12.0,12.0,6335.0,41.0,264.0,40.0,77.0,20.0,44.6,25.0,28.0,15.0,55.0,8.0,30.0,317.0,77.0,193.0
2026,Round 3,2026-03-28,Richmond,home,CD_M20260140304,25.0,8.0,11.0,58.0,2.0,5.0,18.0,6.0,7.0,151.0,103.0,74.6,406.0,303.0,160.0,23.0,19.0,27.0,32.5,11.0,20.0,13.0,95.0,176.0,57.0,18.0,65.0,10.0,63.0,7.0,7.0,230.0,95.0,17.0,10.0,5916.0,43.0,230.0,30.0,84.0,37.0,61.5,40.0,30.0,30.0,61.0,11.0,41.0,396.0,57.0,245.0,7.0,9.0,7.0,67.0,6.0,18.0,5.0,2.0,4.0,118.0,140.0,69.7,314.0,219.0,106.0,15.0,27.0,19.0,40.0,6.0,16.7,6.0,89.0,144.0,9.0,1.0,36.0,6.0,57.0,25.0,22.0,170.0,64.0,7.0,6.0,4800.0,41.0,262.0,50.0,84.0,13.0,41.7,15.0,30.0,19.0,53.0,7.0,26.0,296.0,63.0,178.0
2026,Round 4,2026-04-03,Adelaide,away,CD_M20260140403,12.0,6.0,11.0,51.0,0,9.0,17.0,2.0,13.0,149.0,128.0,75.0,364.0,273.0,126.0,14.0,21.0,15.0,42.3,10.0,20.0,11.0,100.0,165.0,48.0,14.0,55.0,16.0,67.0,10.0,10.0,199.0,64.0,12.0,13.0,6046.0,44.0,249.0,37.0,113.0,23.0,47.3,26.0,39.0,28.0,70.0,9.0,39.0,354.0,68.0,205.0,10.0,6.0,9.0,47.0,2.0,17.0,9.0,0,13.0,134.0,126.0,71.2,306.0,218.0,122.0,20.0,15.0,21.0,44.0,10.0,22.9,11.0,92.0,122.0,46.0,9.0,48.0,22.0,68.0,12.0,12.0,184.0,66.0,16.0,5.0,5880.0,57.0,296.0,43.0,113.0,21.0,52.1,25.0,47.0,30.0,83.0,17.0,39.0,294.0,67.0,160.0
2026,Round 5,2026-04-10,Collingwood,away,CD_M20260140502,3.0,4.0,8.0,54.0,1.0,13.0,14.0,3.0,12.0,147.0,148.0,70.9,358.0,254.0,147.0,17.0,19.0,14.0,63.6,6.0,15.6,7.0,100.0,146.0,47.0,12.0,45.0,18.0,76.0,9.0,9.0,212.0,81.0,5.0,6.0,5795.0,52.0,273.0,55.0,93.0,10.0,24.4,11.0,39.0,26.0,63.0,7.0,34.0,351.0,82.0,204.0,9.0,1.0,5.0,47.0,3.0,14.0,13.0,1.0,11.0,138.0,127.0,72.0,364.0,262.0,151.0,20.0,14.0,19.0,35.7,5.0,8.2,5.0,92.0,142.0,27.0,6.0,61.0,20.0,82.0,3.0,1.0,222.0,101.0,10.0,3.0,5812.0,51.0,292.0,37.0,93.0,14.0,23.0,14.0,39.0,25.0,92.0,26.0,30.0,358.0,76.0,220.0
2026,Round 6,2026-04-19,West Coast,away,CD_M20260140609,13.0,11.0,10.0,56.0,3.0,5.0,8.0,1.0,15.0,119.0,112.0,75.6,365.0,276.0,156.0,11.0,17.0,12.0,51.9,12.0,28.0,14.0,78.0,139.0,42.0,13.0,50.0,22.0,71.0,10.0,9.0,226.0,120.0,19.0,15.0,6295.0,44.0,224.0,43.0,72.0,26.0,54.0,27.0,34.0,18.0,56.0,7.0,28.0,359.0,69.0,240.0,11.0,3.0,12.0,51.0,1.0,8.0,5.0,3.0,11.0,124.0,92.0,70.6,333.0,235.0,136.0,17.0,12.0,17.0,26.3,5.0,9.8,5.0,91.0,124.0,18.0,4.0,51.0,17.0,69.0,13.0,13.0,209.0,98.0,7.0,17.0,5723.0,40.0,220.0,36.0,72.0,16.0,37.3,19.0,28.0,14.0,53.0,20.0,26.0,322.0,71.0,198.0
2026,Round 7,2026-04-25,Carlton,home,CD_M20260140706,7.0,9.0,17.0,56.0,0,12.0,12.0,1.0,11.0,129.0,119.0,79.2,404.0,320.0,159.0,8.0,20.0,17.0,57.1,15.0,31.4,16.0,82.0,186.0,39.0,17.0,51.0,15.0,63.0,11.0,11.0,218.0,103.0,16.0,9.0,5843.0,42.0,268.0,40.0,76.0,23.0,54.9,28.0,26.0,17.0,61.0,3.0,34.0,402.0,67.0,273.0,11.0,7.0,12.0,54.0,1.0,12.0,12.0,0,10.0,132.0,116.0,74.7,356.0,266.0,128.0,14.0,17.0,20.0,46.4,6.0,24.5,13.0,92.0,166.0,23.0,12.0,53.0,17.0,67.0,7.0,7.0,190.0,85.0,12.0,9.0,5557.0,46.0,286.0,32.0,76.0,24.0,52.8,28.0,35.0,17.0,60.0,13.0,29.0,353.0,63.0,221.0
2026,Round 8,2026-05-01,Western Bulldogs,away,CD_M20260140802,12.0,7.0,18.0,62.0,3.0,9.0,11.0,0,9.0,131.0,163.0,77.1,353.0,272.0,144.0,15.0,27.0,17.0,56.7,10.0,27.0,17.0,79.0,144.0,61.0,18.0,63.0,11.0,57.0,12.0,11.0,209.0,75.0,14.0,9.0,6526.0,42.0,319.0,37.0,97.0,29.0,47.6,30.0,28.0,27.0,78.0,14.0,45.0,343.0,62.0,212.0,12.0,6.0,16.0,43.0,0,11.0,9.0,3.0,3.0,135.0,150.0,73.3,371.0,272.0,136.0,19.0,17.0,27.0,57.7,12.0,28.8,15.0,93.0,164.0,23.0,6.0,52.0,11.0,62.0,10.0,9.0,207.0,81.0,10.0,14.0,5959.0,51.0,288.0,44.0,97.0,27.0,50.0,26.0,33.0,21.0,58.0,18.0,37.0,366.0,57.0,231.0
2026,Round 9,2026-05-07,Hawthorn,home,CD_M20260140901,16.0,6.0,13.0,42.0,4.0,9.0,12.0,1.0,5.0,114.0,111.0,77.5,329.0,255.0,130.0,14.0,17.0,17.0,41.4,10.0,21.4,12.0,78.0,138.0,34.0,9.0,56.0,15.0,58.0,7.0,7.0,191.0,79.0,14.0,7.0,5649.0,44.0,240.0,29.0,89.0,28.0,51.8,29.0,25.0,28.0,58.0,11.0,41.0,326.0,54.0,212.0,7.0,1.0,9.0,60.0,1.0,12.0,9.0,4.0,9.0,124.0,118.0,76.1,351.0,267.0,145.0,15.0,17.0,17.0,55.0,9.0,26.2,11.0,85.0,142.0,41.0,11.0,42.0,12.0,54.0,15.0,15.0,209.0,89.0,9.0,17.0,5661.0,47.0,220.0,43.0,89.0,18.0,47.6,20.0,36.0,20.0,42.0,5.0,29.0,338.0,57.0,214.0
2026,Round 10,2026-05-17,Essendon,away,CD_M20260141007,8.0,1.0,11.0,57.0,1.0,14.0,11.0,2.0,9.0,127.0,117.0,76.3,384.0,293.0,158.0,12.0,19.0,21.0,61.5,11.0,30.8,16.0,86.0,160.0,35.0,7.0,52.0,7.0,64.0,13.0,11.0,224.0,88.0,9.0,11.0,5561.0,53.0,247.0,39.0,79.0,24.0,50.0,26.0,37.0,18.0,65.0,12.0,29.0,366.0,64.0,239.0,13.0,0.0,15.0,51.0,2.0,11.0,14.0,1.0,7.0,127.0,143.0,74.3,350.0,260.0,129.0,16.0,21.0,19.0,38.1,5.0,17.0,8.0,97.0,161.0,28.0,6.0,47.0,10.0,64.0,8.0,6.0,189.0,79.0,11.0,7.0,5038.0,37.0,281.0,36.0,79.0,21.0,44.7,21.0,29.0,18.0,64.0,16.0,33.0,344.0,64.0,217.0
2026,Round 11,2026-05-22,St Kilda,home,CD_M20260141103,8.0,19.0,16.0,52.0,1.0,7.0,8.0,2.0,17.0,148.0,101.0,75.4,394.0,297.0,145.0,21.0,13.0,14.0,53.3,13.0,26.2,16.0,99.0,183.0,33.0,10.0,61.0,18.0,72.0,8.0,6.0,211.0,101.0,13.0,14.0,6076.0,30.0,249.0,34.0,91.0,24.0,49.2,30.0,23.0,18.0,54.0,12.0,34.0,391.0,62.0,243.0,8.0,5.0,12.0,58.0,2.0,8.0,7.0,1.0,12.0,131.0,156.0,71.8,351.0,252.0,137.0,14.0,14.0,13.0,50.0,7.0,24.4,11.0,92.0,152.0,31.0,10.0,45.0,21.0,63.0,8.0,8.0,199.0,90.0,10.0,11.0,5488.0,35.0,289.0,44.0,91.0,19.0,48.9,22.0,25.0,29.0,55.0,4.0,41.0,341.0,72.0,210.0
2026,Round 12,2026-05-30,Brisbane Lions,away,CD_M20260141204,13.0,17.0,10.0,51.0,2.0,7.0,15.0,4.0,9.0,120.0,120.0,78.0,364.0,284.0,137.0,11.0,18.0,21.0,51.7,12.0,31.9,15.0,75.0,166.0,35.0,8.0,47.0,13.0,64.0,18.0,17.0,198.0,80.0,15.0,16.0,6157.0,33.0,212.0,48.0,88.0,28.0,61.7,29.0,19.0,21.0,45.0,6.0,31.0,350.0,54.0,230.0,18.0,13.0,14.0,48.0,4.0,15.0,7.0,2.0,13.0,118.0,110.0,69.5,298.0,207.0,121.0,14.0,21.0,18.0,33.3,6.0,16.9,10.0,71.0,101.0,36.0,12.0,59.0,20.0,56.0,12.0,9.0,197.0,81.0,9.0,14.0,5557.0,51.0,242.0,31.0,89.0,27.0,50.8,30.0,36.0,28.0,36.0,12.0,42.0,292.0,64.0,174.0
2026,Round 13,2026-06-06,North Melbourne,away,CD_M20260141303,11.0,25.0,17.0,49.0,3.0,8.0,10.0,6.0,8.0,109.0,78.0,80.9,383.0,310.0,161.0,11.0,14.0,22.0,64.9,17.0,42.1,24.0,60.0,169.0,36.0,13.0,57.0,14.0,52.0,7.0,6.0,214.0,118.0,22.0,25.0,6113.0,36.0,174.0,28.0,82.0,35.0,64.9,37.0,23.0,20.0,43.0,6.0,37.0,384.0,48.0,275.0,7.0,3.0,11.0,53.0,6.0,10.0,8.0,3.0,7.0,96.0,114.0,75.4,325.0,245.0,133.0,9.0,22.0,14.0,33.3,1.0,12.5,4.0,62.0,132.0,22.0,6.0,32.0,9.0,49.0,11.0,10.0,193.0,101.0,3.0,12.0,4506.0,31.0,211.0,33.0,82.0,10.0,37.5,12.0,19.0,18.0,43.0,12.0,29.0,317.0,53.0,221.0
2026,Round 15,2026-06-18,Geelong,home,CD_M20260141501,15.0,13.0,18.0,48.0,3.0,10.0,16.0,4.0,12.0,120.0,99.0,75.4,382.0,288.0,159.0,11.0,9.0,19.0,36.8,9.0,25.9,14.0,71.0,159.0,36.0,10.0,54.0,19.0,66.0,6.0,6.0,223.0,110.0,20.0,12.0,6142.0,37.0,227.0,29.0,80.0,29.0,70.4,38.0,22.0,17.0,51.0,5.0,35.0,367.0,62.0,247.0,6.0,11.0,12.0,47.0,4.0,16.0,10.0,3.0,15.0,112.0,97.0,72.6,339.0,246.0,129.0,12.0,19.0,9.0,70.0,11.0,31.8,14.0,77.0,140.0,26.0,7.0,44.0,17.0,62.0,15.0,15.0,199.0,88.0,11.0,8.0,5848.0,28.0,223.0,39.0,80.0,19.0,45.5,20.0,18.0,19.0,32.0,7.0,31.0,323.0,66.0,211.0
2026,Round 16,2026-06-28,Gold Coast,home,CD_M20260141604,14.0,13.0,7.0,55.0,3.0,11.0,8.0,2.0,8.0,115.0,107.0,79.4,393.0,312.0,144.0,10.0,21.0,18.0,37.9,10.0,20.4,11.0,81.0,195.0,36.0,5.0,54.0,11.0,68.0,11.0,9.0,198.0,91.0,17.0,12.0,5697.0,43.0,270.0,35.0,87.0,24.0,53.7,29.0,32.0,17.0,67.0,21.0,24.0,384.0,57.0,269.0,11.0,5.0,8.0,57.0,2.0,8.0,11.0,3.0,2.0,129.0,150.0,69.3,329.0,228.0,121.0,13.0,18.0,21.0,20.0,3.0,7.5,3.0,91.0,141.0,42.0,14.0,40.0,8.0,57.0,14.0,14.0,188.0,75.0,4.0,7.0,5310.0,47.0,303.0,43.0,87.0,14.0,37.5,15.0,43.0,28.0,45.0,6.0,36.0,319.0,68.0,190.0
2026,Round 17,2026-07-04,Greater Western Sydney,away,CD_M20260141704,10.0,22.0,10.0,55.0,1.0,17.0,11.0,2.0,9.0,128.0,141.0,75.0,336.0,252.0,129.0,12.0,18.0,24.0,59.1,8.0,27.7,13.0,77.0,158.0,46.0,14.0,47.0,15.0,66.0,13.0,13.0,178.0,74.0,5.0,13.0,5984.0,39.0,286.0,45.0,88.0,23.0,46.8,22.0,23.0,18.0,67.0,14.0,28.0,331.0,62.0,203.0,13.0,18.0,15.0,53.0,2.0,11.0,17.0,1.0,5.0,140.0,105.0,76.3,375.0,286.0,145.0,18.0,24.0,18.0,53.3,9.0,25.8,16.0,107.0,169.0,24.0,8.0,62.0,13.0,62.0,10.0,10.0,206.0,86.0,10.0,16.0,6501.0,46.0,263.0,34.0,88.0,29.0,48.4,30.0,34.0,27.0,58.0,15.0,42.0,374.0,66.0,234.0
2026,Round 18,2026-07-09,Sydney,home,CD_M20260141805,21.0,14.0,15.0,46.0,2.0,14.0,16.0,4.0,12.0,146.0,118.0,75.6,381.0,288.0,134.0,16.0,22.0,21.0,39.5,10.0,23.1,15.0,93.0,186.0,36.0,15.0,65.0,10.0,66.0,12.0,12.0,195.0,77.0,14.0,11.0,6777.0,52.0,251.0,36.0,87.0,34.0,58.5,38.0,37.0,24.0,50.0,15.0,39.0,385.0,62.0,239.0,13.0,16.0,10.0,49.0,4.0,16.0,14.0,2.0,5.0,121.0,158.0,74.6,339.0,253.0,133.0,10.0,21.0,22.0,38.5,8.0,21.3,10.0,78.0,143.0,31.0,10.0,47.0,7.0,63.0,21.0,21.0,196.0,71.0,11.0,15.0,6221.0,53.0,309.0,49.0,87.0,23.0,55.3,26.0,39.0,21.0,70.0,10.0,31.0,323.0,66.0,202.0
2026,Round 19,2026-07-18,Port Adelaide,away,CD_M20260141906,13.0,12.0,9.0,63.0,3.0,14.0,9.0,3.0,17.0,133.0,115.0,78.1,379.0,296.0,134.0,12.0,25.0,21.0,48.4,13.0,27.3,15.0,81.0,185.0,35.0,9.0,55.0,20.0,67.0,9.0,8.0,194.0,86.0,16.0,12.0,6115.0,38.0,224.0,36.0,91.0,28.0,56.4,31.0,23.0,27.0,67.0,11.0,36.0,375.0,67.0,242.0,9.0,12.0,18.0,55.0,3.0,9.0,14.0,3.0,4.0,122.0,119.0,73.6,341.0,251.0,156.0,15.0,21.0,25.0,50.0,5.0,23.4,11.0,79.0,121.0,37.0,13.0,47.0,13.0,67.0,13.0,11.0,220.0,100.0,8.0,10.0,5326.0,38.0,257.0,40.0,91.0,20.0,46.8,22.0,30.0,18.0,58.0,20.0,36.0,334.0,67.0,212.0
2026,Round 20,2026-07-24,West Coast,home,CD_M20260142004,16.0,14.0,15.0,49.0,3.0,9.0,8.0,4.0,12.0,127.0,117.0,77.8,370.0,288.0,140.0,15.0,13.0,27.0,47.1,11.0,30.8,16.0,74.0,175.0,50.0,14.0,52.0,15.0,57.0,6.0,6.0,195.0,87.0,14.0,9.0,5960.0,36.0,287.0,28.0,87.0,32.0,65.4,34.0,25.0,22.0,57.0,6.0,37.0,366.0,50.0,239.0,6.0,15.0,9.0,64.0,4.0,8.0,9.0,3.0,8.0,105.0,136.0,77.1,375.0,289.0,145.0,10.0,27.0,13.0,46.2,4.0,17.1,6.0,72.0,169.0,27.0,9.0,35.0,13.0,50.0,16.0,15.0,206.0,116.0,7.0,16.0,4966.0,37.0,292.0,36.0,87.0,12.0,37.1,13.0,30.0,21.0,46.0,10.0,30.0,368.0,56.0,263.0
2026,Round 21,2026-07-31,Western Bulldogs,home,CD_M20260142104,12.0,18.0,9.0,47.0,1.0,8.0,6.0,2.0,10.0,108.0,108.0,82.2,370.0,304.0,190.0,10.0,15.0,19.0,42.3,8.0,20.4,11.0,72.0,129.0,41.0,6.0,54.0,16.0,60.0,11.0,11.0,241.0,136.0,14.0,18.0,5809.0,37.0,250.0,32.0,87.0,23.0,48.1,26.0,25.0,20.0,51.0,14.0,29.0,359.0,49.0,251.0,11.0,3.0,9.0,60.0,2.0,6.0,8.0,1.0,4.0,128.0,119.0,72.2,353.0,255.0,128.0,19.0,19.0,15.0,33.3,4.0,13.2,5.0,93.0,154.0,27.0,13.0,38.0,5.0,49.0,12.0,12.0,199.0,78.0,9.0,7.0,5303.0,51.0,215.0,43.0,87.0,16.0,39.5,15.0,41.0,28.0,50.0,7.0,37.0,343.0,60.0,215.0
2026,Round 22,2026-08-08,Melbourne,away,CD_M20260142205,7.0,5.0,17.0,61.0,4.0,16.0,8.0,2.0,12.0,113.0,122.0,80.1,321.0,257.0,144.0,10.0,29.0,19.0,63.0,12.0,33.3,17.0,66.0,130.0,40.0,13.0,51.0,16.0,46.0,10.0,9.0,191.0,91.0,15.0,18.0,5512.0,39.0,240.0,37.0,94.0,24.0,52.9,27.0,28.0,26.0,59.0,6.0,43.0,321.0,60.0,208.0,11.0,6.0,17.0,55.0,2.0,8.0,16.0,4.0,6.0,138.0,101.0,70.3,323.0,227.0,115.0,14.0,19.0,29.0,51.5,12.0,30.4,17.0,85.0,140.0,34.0,12.0,56.0,14.0,60.0,7.0,5.0,183.0,67.0,14.0,14.0,5738.0,39.0,223.0,34.0,94.0,28.0,58.9,33.0,28.0,15.0,68.0,16.0,32.0,317.0,45.0,179.0
2026,Round 23,2026-08-14,Adelaide,home,CD_M20260142303,16.0,10.0,17.0,44.0,4.0,12.0,15.0,2.0,13.0,134.0,128.0,77.1,353.0,272.0,138.0,12.0,19.0,17.0,50.0,14.0,26.7,16.0,82.0,163.0,54.0,19.0,60.0,15.0,69.0,9.0,9.0,190.0,75.0,13.0,19.0,6152.0,53.0,259.0,32.0,109.0,30.0,53.3,32.0,36.0,27.0,72.0,12.0,44.0,344.0,68.0,210.0,10.0,1.0,12.0,42.0,2.0,15.0,12.0,4.0,12.0,135.0,141.0,68.1,320.0,218.0,130.0,12.0,17.0,19.0,56.5,10.0,28.3,13.0,91.0,112.0,39.0,10.0,46.0,11.0,68.0,16.0,11.0,208.0,75.0,6.0,11.0,5667.0,51.0,271.0,44.0,108.0,23.0,50.0,23.0,38.0,26.0,58.0,8.0,38.0,302.0,69.0,167.0
2026,Round 24,2026-08-22,Carlton,away,CD_M20260142403,10.0,3.0,14.0,44.0,5.0,9.0,7.0,1.0,6.0,104.0,141.0,74.3,300.0,223.0,109.0,10.0,14.0,16.0,48.0,10.0,28.6,12.0,68.0,143.0,39.0,13.0,42.0,17.0,61.0,11.0,10.0,157.0,71.0,15.0,8.0,4875.0,38.0,269.0,34.0,84.0,22.0,59.5,25.0,25.0,16.0,52.0,8.0,30.0,292.0,59.0,188.0,11.0,9.0,19.0,47.0,1.0,7.0,9.0,5.0,11.0,126.0,104.0,76.5,413.0,316.0,169.0,19.0,16.0,14.0,56.3,15.0,34.6,18.0,87.0,168.0,22.0,10.0,52.0,12.0,58.0,10.0,9.0,245.0,127.0,22.0,18.0,5252.0,27.0,216.0,28.0,85.0,29.0,61.5,32.0,22.0,24.0,40.0,9.0,43.0,404.0,61.0,278.0
2026,Qualifying & Elimination Finals,2026-09-03,Hawthorn,home,CD_M20260142601,10.0,16.0,5.0,59.0,2.0,13.0,15.0,4.0,14.0,140.0,124.0,73.9,403.0,298.0,146.0,14.0,13.0,13.0,26.3,5.0,8.8,5.0,95.0,186.0,31.0,10.0,57.0,17.0,76.0,12.0,11.0,217.0,106.0,9.0,7.0,6267.0,43.0,277.0,41.0,72.0,15.0,33.3,19.0,31.0,26.0,48.0,10.0,31.0,393.0,84.0,253.0,12.0,2.0,10.0,42.0,4.0,15.0,13.0,2.0,12.0,140.0,144.0,71.3,328.0,234.0,134.0,14.0,13.0,13.0,41.7,9.0,19.6,10.0,96.0,123.0,30.0,8.0,51.0,17.0,84.0,10.0,10.0,205.0,77.0,11.0,10.0,6261.0,54.0,326.0,49.0,72.0,22.0,47.1,24.0,33.0,22.0,57.0,17.0,32.0,322.0,76.0,182.0
2026,Semi Finals,2026-09-11,Geelong,home,CD_M20260142701,12.0,14.0,23.0,62.0,1.0,9.0,10.0,3.0,11.0,141.0,134.0,74.5,364.0,271.0,131.0,9.0,15.0,16.0,60.0,14.0,30.0,18.0,99.0,176.0,46.0,13.0,60.0,8.0,58.0,10.0,9.0,188.0,74.0,16.0,12.0,6371.0,44.0,267.0,31.0,92.0,29.0,50.0,30.0,32.0,21.0,68.0,8.0,44.0,356.0,62.0,215.0,10.0,7.0,13.0,50.0,3.0,10.0,9.0,1.0,6.0,133.0,119.0,70.3,327.0,230.0,120.0,25.0,16.0,15.0,53.3,13.0,34.0,16.0,105.0,138.0,27.0,3.0,47.0,11.0,62.0,12.0,9.0,189.0,75.0,11.0,14.0,5808.0,38.0,279.0,42.0,92.0,26.0,63.8,30.0,26.0,18.0,55.0,12.0,31.0,322.0,58.0,189.0
2026,Preliminary Finals,2026-09-18,Sydney,away,CD_M20260142802,11.0,8.0,12.0,58.0,2.0,17.0,15.0,4.0,17.0,163.0,82.0,69.4,369.0,256.0,128.0,24.0,24.0,20.0,37.5,8.0,17.6,12.0,101.0,158.0,48.0,21.0,68.0,11.0,73.0,11.0,10.0,211.0,70.0,8.0,10.0,6638.0,42.0,249.0,39.0,104.0,23.0,47.1,32.0,27.0,32.0,64.0,17.0,44.0,362.0,80.0,199.0,11.0,13.0,6.0,60.0,4.0,15.0,17.0,2.0,8.0,133.0,136.0,63.5,315.0,200.0,90.0,13.0,20.0,24.0,41.7,6.0,20.4,10.0,94.0,139.0,36.0,3.0,49.0,19.0,80.0,11.0,9.0,176.0,44.0,6.0,4.0,6174.0,57.0,277.0,54.0,105.0,21.0,49.0,24.0,43.0,24.0,80.0,19.0,30.0,288.0,73.0,155.0
2026,Grand Final,2026-09-26,Brisbane Lions,home,CD_M20260142901,17.0,12.0,17.0,35.0,5.0,24.0,18.0,10.0,17.0,139.0,151.0,67.9,308.0,209.0,131.0,14.0,7.0,12.0,37.5,10.0,19.4,12.0,92.0,105.0,51.0,15.0,62.0,21.0,63.0,12.0,11.0,203.0,77.0,13.0,5.0,6452.0,42.0,290.0,34.0,101.0,29.0,51.6,32.0,28.0,28.0,70.0,11.0,45.0,294.0,65.0,155.0,12.0,11.0,9.0,45.0,10.0,18.0,24.0,5.0,7.0,130.0,135.0,68.4,358.0,245.0,155.0,18.0,12.0,7.0,48.3,10.0,29.2,14.0,103.0,113.0,33.0,5.0,48.0,10.0,65.0,17.0,16.0,245.0,84.0,10.0,22.0,6410.0,60.0,250.0,50.0,100.0,26.0,60.4,29.0,40.0,22.0,69.0,17.0,31.0,327.0,63.0,197.0
