season,player_id,player,jumper,position,date_of_birth,height_cm
2024,CD_I1002232,Andrew Brayshaw,8,MIDFIELDER,1999-11-08,185
2024,CD_I1005547,Josh Corbett,19,KEY_FORWARD,1996-04-23,190
2024,CD_I1006152,Jordan Clark,6,MEDIUM_DEFENDER,2000-10-16,185
2024,CD_I1009256,Hayden Young,26,MIDFIELDER,2001-04-11,189
2024,CD_I1009380,Jeremy Sharp,14,MIDFIELDER,2001-08-13,189
2024,CD_I1009399,Luke Jackson,9,RUCK,2001-09-29,199
2024,CD_I1009410,Brandon Walker,31,MEDIUM_DEFENDER,2002-10-17,186
2024,CD_I1009420,Caleb Serong,3,MIDFIELDER,2001-02-09,180
2024,CD_I1012048,Sebit Kuek,43,KEY_FORWARD,2000-11-11,199
2024,CD_I1012819,Josh Treacy,35,KEY_FORWARD,2002-08-04,195
2024,CD_I1013220,Nathan O'Driscoll,30,MIDFIELDER,2002-05-17,188
2024,CD_I1013224,Heath Chapman,5,MEDIUM_DEFENDER,2002-01-31,193
2024,CD_I1013611,Sam Sturt,1,MEDIUM_FORWARD,2000-05-12,190
2024,CD_I1016825,Matthew Johnson,44,MIDFIELDER,2003-03-16,193
2024,CD_I1017754,Patrick Voss,38,KEY_FORWARD,2003-06-29,195
2024,CD_I1017970,Conrad Williams,45,MEDIUM_FORWARD,2004-11-30,185
2024,CD_I1019975,Jack Delean,40,MEDIUM_FORWARD,2005-04-15,182
2024,CD_I1020250,Neil Erasmus,28,MIDFIELDER_FORWARD,2003-12-02,190
2024,CD_I1020594,Jye Amiss,24,KEY_FORWARD,2003-07-31,196
2024,CD_I1020668,Joshua Draper,37,KEY_DEFENDER,2004-02-08,197
2024,CD_I1020695,Tom Emmett,18,MEDIUM_FORWARD,2001-11-30,186
2024,CD_I1021015,Karl Worner,23,MEDIUM_DEFENDER,2002-06-16,188
2024,CD_I1022927,Hugh Davies,12,KEY_DEFENDER,2004-09-28,196
2024,CD_I1023346,Liam Reidy,42,RUCK,2000-06-14,204
2024,CD_I1027656,Cooper Simpson,29,MEDIUM_FORWARD,2005-02-13,182
2024,CD_I1027701,Max Knobel,22,RUCK,2004-06-27,206
2024,CD_I1027990,Ollie Murphy,33,KEY_DEFENDER,2005-09-16,200
2024,CD_I1028371,Odin Jones,27,KEY_FORWARD,2005-09-20,197
2024,CD_I1031801,Ethan Stanley,46,MIDFIELDER,2003-11-13,189
2024,CD_I281007,Michael Walters,10,MEDIUM_FORWARD,1991-01-07,176
2024,CD_I291570,Nat Fyfe,7,MIDFIELDER,1991-09-18,191
2024,CD_I293854,Matt Taberner,20,KEY_FORWARD,1993-06-17,198
2024,CD_I294613,Jaeger O'Meara,2,MIDFIELDER,1994-02-23,184
2024,CD_I295067,James Aish,11,MEDIUM_DEFENDER,1995-11-08,183
2024,CD_I298409,Alex Pearce,25,KEY_DEFENDER,1995-06-09,201
2024,CD_I992059,Sam Switkowski,39,MEDIUM_FORWARD,1996-11-20,179
2024,CD_I992472,Oscar McDonald,21,KEY_DEFENDER,1996-03-18,196
2024,CD_I993940,Corey Wagner,34,MEDIUM_DEFENDER,1997-03-23,181
2024,CD_I996580,Ethan Hughes,15,MEDIUM_DEFENDER,1994-12-07,187
2024,CD_I997033,Brennan Cox,36,KEY_DEFENDER,1998-08-13,195
2024,CD_I998129,Will Brodie,17,MIDFIELDER,1998-08-23,190
2024,CD_I998145,Sean Darcy,4,RUCK,1998-06-12,203
2024,CD_I998180,Bailey Banfield,41,MEDIUM_FORWARD,1998-02-26,190
2024,CD_I998659,Luke Ryan,13,MEDIUM_DEFENDER,1996-02-06,186
2024,CD_I999321,Michael Frederick,32,MEDIUM_FORWARD,2000-05-17,183
2025,CD_I1002232,Andrew Brayshaw,8,MIDFIELDER,1999-11-08,185
2025,CD_I1006152,Jordan Clark,6,MEDIUM_DEFENDER,2000-10-16,185
2025,CD_I1009256,Hayden Young,26,MIDFIELDER,2001-04-11,189
2025,CD_I1009380,Jeremy Sharp,14,MIDFIELDER,2001-08-13,189
2025,CD_I1009399,Luke Jackson,9,RUCK,2001-09-29,199
2025,CD_I1009410,Brandon Walker,31,MEDIUM_DEFENDER,2002-10-17,186
2025,CD_I1009420,Caleb Serong,3,MIDFIELDER,2001-02-09,180
2025,CD_I1011558,Isaiah Dudley,43,MEDIUM_FORWARD,2003-04-30,168
2025,CD_I1012819,Josh Treacy,35,KEY_FORWARD,2002-08-04,195
2025,CD_I1013220,Nathan O'Driscoll,30,MIDFIELDER,2002-05-17,188
2025,CD_I1013224,Heath Chapman,5,MEDIUM_DEFENDER,2002-01-31,193
2025,CD_I1013611,Sam Sturt,1,MEDIUM_FORWARD,2000-05-12,190
2025,CD_I1016825,Matthew Johnson,44,MIDFIELDER,2003-03-16,193
2025,CD_I1017754,Patrick Voss,20,KEY_FORWARD,2003-06-29,195
2025,CD_I1019975,Jack Delean,40,MEDIUM_FORWARD,2005-04-15,182
2025,CD_I1020250,Neil Erasmus,28,MIDFIELDER,2003-12-02,190
2025,CD_I1020594,Jye Amiss,24,KEY_FORWARD,2003-07-31,196
2025,CD_I1020668,Joshua Draper,37,KEY_DEFENDER,2004-02-08,197
2025,CD_I1021015,Karl Worner,23,MEDIUM_DEFENDER,2002-06-16,188
2025,CD_I1022927,Hugh Davies,12,KEY_DEFENDER,2004-09-28,196
2025,CD_I1023047,Jaren Carr,38,MEDIUM_DEFENDER,2004-01-27,191
2025,CD_I1023346,Liam Reidy,18,RUCK,2000-06-14,204
2025,CD_I1027155,Charlie Nicholls,22,KEY_FORWARD,2006-06-08,196
2025,CD_I1027656,Cooper Simpson,29,MEDIUM_DEFENDER,2005-02-13,182
2025,CD_I1027990,Ollie Murphy,33,KEY_DEFENDER,2005-09-16,200
2025,CD_I1028228,Aiden Riddle,42,KEY_FORWARD,2005-12-27,199
2025,CD_I1028371,Odin Jones,27,KEY_FORWARD,2005-09-20,197
2025,CD_I1028513,Murphy Reid,16,MEDIUM_FORWARD,2006-07-30,182
2025,CD_I281007,Michael Walters,10,MEDIUM_FORWARD,1991-01-07,176
2025,CD_I291570,Nat Fyfe,7,MIDFIELDER,1991-09-18,191
2025,CD_I294613,Jaeger O'Meara,2,MIDFIELDER,1994-02-23,184
2025,CD_I295067,James Aish,11,MEDIUM_DEFENDER,1995-11-08,183
2025,CD_I298409,Alex Pearce,25,KEY_DEFENDER,1995-06-09,201
2025,CD_I992059,Sam Switkowski,39,MEDIUM_FORWARD,1996-11-20,179
2025,CD_I992472,Oscar McDonald,21,KEY_DEFENDER,1996-03-18,196
2025,CD_I993940,Corey Wagner,34,MIDFIELDER,1997-03-23,181
2025,CD_I993993,Shai Bolton,15,MIDFIELDER_FORWARD,1998-12-08,176
2025,CD_I997033,Brennan Cox,36,KEY_DEFENDER,1998-08-13,195
2025,CD_I998129,Will Brodie,17,MIDFIELDER,1998-08-23,190
2025,CD_I998145,Sean Darcy,4,RUCK,1998-06-12,203
2025,CD_I998180,Bailey Banfield,41,MEDIUM_DEFENDER,1998-02-26,190
2025,CD_I998659,Luke Ryan,13,MEDIUM_DEFENDER,1996-02-06,186
2025,CD_I999321,Michael Frederick,32,MEDIUM_FORWARD,2000-05-17,183
2025,CD_I999824,Quinton Narkle,19,MEDIUM_FORWARD,1997-12-03,182
2026,CD_I1002232,Andrew Brayshaw,8,MIDFIELDER,1999-11-08,185
2026,CD_I1006152,Jordan Clark,6,MEDIUM_DEFENDER,2000-10-16,185
2026,CD_I1009256,Hayden Young,26,MIDFIELDER,2001-04-11,189
2026,CD_I1009380,Jeremy Sharp,14,MIDFIELDER_FORWARD,2001-08-13,189
2026,CD_I1009399,Luke Jackson,9,RUCK,2001-09-29,199
2026,CD_I1009410,Brandon Walker,31,MEDIUM_DEFENDER,2002-10-17,186
2026,CD_I1009420,Caleb Serong,3,MIDFIELDER,2001-02-09,180
2026,CD_I1011558,Isaiah Dudley,43,MEDIUM_FORWARD,2003-04-30,168
2026,CD_I1012819,Josh Treacy,35,KEY_FORWARD,2002-08-04,195
2026,CD_I1013220,Nathan O'Driscoll,30,MIDFIELDER,2002-05-17,188
2026,CD_I1013224,Heath Chapman,5,MEDIUM_DEFENDER,2002-01-31,193
2026,CD_I1013611,Sam Sturt,1,MEDIUM_FORWARD,2000-05-12,190
2026,CD_I1016825,Matthew Johnson,44,MIDFIELDER,2003-03-16,193
2026,CD_I1017703,Judd McVee,17,MEDIUM_DEFENDER,2003-08-07,185
2026,CD_I1017754,Patrick Voss,20,KEY_FORWARD,2003-06-29,195
2026,CD_I1020250,Neil Erasmus,28,MIDFIELDER,2003-12-02,190
2026,CD_I1020594,Jye Amiss,24,KEY_FORWARD,2003-07-31,196
2026,CD_I1020668,Joshua Draper,37,KEY_DEFENDER,2004-02-08,197
2026,CD_I1021015,Karl Worner,23,MEDIUM_DEFENDER,2002-06-16,188
2026,CD_I1022927,Hugh Davies,12,KEY_DEFENDER,2004-09-28,196
2026,CD_I1023047,Jaren Carr,38,MIDFIELDER,2004-01-27,191
2026,CD_I1027155,Charlie Nicholls,22,KEY_FORWARD,2006-06-08,196
2026,CD_I1027656,Cooper Simpson,29,MEDIUM_DEFENDER,2005-02-13,182
2026,CD_I1027844,Tobyn Murray,11,MEDIUM_FORWARD,2005-05-05,180
2026,CD_I1027990,Ollie Murphy,33,KEY_DEFENDER,2005-09-16,200
2026,CD_I1028228,Aiden Riddle,42,RUCK,2005-12-27,199
2026,CD_I1028513,Murphy Reid,16,MEDIUM_FORWARD,2006-07-30,182
2026,CD_I1030311,Adam Sweid,15,MIDFIELDER_FORWARD,2007-09-14,175
2026,CD_I1032862,Leon Kickett,19,MEDIUM_FORWARD,2006-11-07,172
2026,CD_I1033719,Toby Whan,27,MIDFIELDER,2007-05-09,184
2026,CD_I1037928,Ryda Luke,40,MEDIUM_FORWARD,2007-09-19,187
2026,CD_I1040573,Christopher Scerri,45,MEDIUM_FORWARD,2006-07-06,177
2026,CD_I294613,Jaeger O'Meara,2,MIDFIELDER,1994-02-23,184
2026,CD_I298409,Alex Pearce,25,KEY_DEFENDER,1995-06-09,201
2026,CD_I992059,Sam Switkowski,39,MEDIUM_FORWARD,1996-11-20,179
2026,CD_I992472,Oscar McDonald,21,KEY_DEFENDER,1996-03-18,196
2026,CD_I993940,Corey Wagner,34,MIDFIELDER,1997-03-23,181
2026,CD_I993993,Shai Bolton,10,MIDFIELDER,1998-12-08,176
2026,CD_I997033,Brennan Cox,36,KEY_DEFENDER,1998-08-13,195
2026,CD_I998145,Sean Darcy,4,RUCK,1998-06-12,203
2026,CD_I998180,Bailey Banfield,41,MEDIUM_DEFENDER,1998-02-26,190
2026,CD_I998647,Mason Cox,18,RUCK,1991-03-14,211
2026,CD_I998659,Luke Ryan,13,MEDIUM_DEFENDER,1996-02-06,186
2026,CD_I999321,Michael Frederick,32,MEDIUM_FORWARD,2000-05-17,183
